visitID,date,timeC,timeR,net,bander,enc,spp,bandNumber,colorComboL,colorComboR,age,sex,cpBp,fat,mass,wing,tail,tarsus,molt?,howSexed,howAged,bSample,notes
NZP_2016-12-03,2016-12-03,NA,NA,NA,JLM,B,WBNU,2741-54668,P,X,AHY,U,NA,0,20.9,91,47,NA,NA,NA,NA,NA,"band combo was backwards, changed -rz"
NZP_2016-12-03,2016-12-03,NA,NA,NA,JLM,B,TUTI,2741-54669,P,X,AHY,U,NA,0,16,94,85,NA,NA,NA,NA,NA,"band combo was backwards, changed -rz"
NZP_2016-12-03,2016-12-03,NA,NA,NA,JLM,B,CACH,2750-64370,XP,PP,AHY,U,NA,0,9.8,61,41,NA,NA,NA,NA,tail_U,Tail feather taken
NZP_2016-12-03,2016-12-03,NA,NA,NA,JLM,B,DEJU,2750-64369,X,P,AHY,U,NA,0,15.8,72,62,NA,NA,NA,NA,tail_U,Tail feather taken
NZP_2016-12-05,2016-12-05,NA,NA,NA,JLM,B,DEJU,2750-64372,X,O,AHY,U,NA,0,NA,73,62,NA,NA,NA,NA,NA,scale broken
NZP_2016-12-05,2016-12-05,NA,NA,NA,JLM,B,DEJU,2750-64373,X,Y,AHY,U,NA,0,NA,76,61,NA,NA,NA,NA,tail_U,scale broken
NZP_2017-01-11,2017-01-11,11:45,NA,NA,AEH,B,NOCA,2651-51878,R,XG,AHY,M,NA,1,NA,94,95,NA,NA,NA,NA,NA,mass provided as 52.3
NZP_2017-01-11,2017-01-11,11:45,NA,NA,AEH,B,NOCA,2651-51879,X,-,AHY,F,NA,NA,47.9,NA,NA,NA,NA,NA,NA,NA,signs of stress
NZP_2017-01-11,2017-01-11,11:45,NA,NA,AEH,B,NOCA,2651-51880,XG,Y,AHY,M,NA,2,48.6,90,89,NA,NA,NA,NA,NA,wing pic
NZP_2017-01-11,2017-01-11,11:45,NA,NA,AEH,B,NOCA,2651-51881,G,GX,AHY,F,NA,1,NA,92,106,NA,NA,NA,NA,NA,"wing pic, mass provided as 50.5"
NZP_2017-01-11,2017-01-11,11:45,NA,NA,AEH,R,WBNU,2741-54668,P,X,AHY,U,NA,0,21.9,91,46,NA,NA,NA,NA,NA,wing pic
NZP_2017-01-11,2017-01-11,11:45,NA,NA,DLA,B,TUTI,2741-54670,X,KO,AHY,U,NA,1,22.4,78,63,NA,NA,NA,NA,tail_NZP-DC-738,NA
NZP_2017-01-11,2017-01-11,11:45,NA,NA,DLA,B,TUTI,2741-54671,PY,X,AHY,U,NA,1,23.3,85,80,NA,NA,NA,NA,NA,NA
NZP_2017-01-11,2017-01-11,11:45,NA,NA,AEH,B,WBNU,2741-54672,GX,GG,AHY,U,NA,0.5,20.9,89,46,NA,NA,NA,NA,NA,wing pic
NZP_2017-01-11,2017-01-11,12:00,NA,NA,AEH,B,HOFI,2741-54673,X,-,AHY,M,NA,2,22.1,76,60,NA,NA,NA,NA,NA,wing pic
NZP_2017-01-11,2017-01-11,11:45,NA,NA,AEH,B,CACH,2750-64375,BY,X,AHY,U,NA,NA,9,NA,NA,NA,NA,NA,NA,NA,NA
NZP_2017-01-12,2017-01-12,11:44,NA,SMBC2,REZ,B,TUTI,2741-54674,PM,X,AHY,U,NA,1,19.8,78,64,NA,NA,NA,NA,NA,NA
NZP_2017-01-12,2017-01-12,12:45,13:06,SMBC4,TAG,B,TUTI,2741-54675,-,X,AHY,U,NA,2,21.3,76,68,NA,NA,NA,NA,NA,NA
NZP_2017-01-12,2017-01-12,12:59,13:08,SMBC4,DLA,B,TUTI,2741-54676,-,X,AHY,U,NA,2,20.9,78,68,NA,NA,NA,NA,NA,NA
NZP_2017-01-12,2017-01-12,12:50,13:12,NA,DLA,B,TUTI,2741-54678,-,X,AHY,U,NA,3,23,79,68,NA,NA,NA,NA,NA,NA
NZP_2017-01-12,2017-01-12,12:50,13:11,NA,TAG,B,WBNU,2741-54677,-,X,AHY,F,NA,1,19.9,84,43,NA,NA,NA,NA,NA,NA
NZP_2017-01-12,2017-01-12,12:51,13:20,SMBC2,TAG,B,TUTI,2741-54679,-,X,SY,U,NA,2,20.2,77,72,NA,NA,NA,NA,NA,NA
NZP_2017-01-12,2017-01-12,12:50,13:20,SMBC4,DLA,B,TUTI,2741-54680,-,X,AHY,U,NA,1,20.1,74,67,NA,NA,NA,NA,NA,NA
NZP_2017-01-12,2017-01-12,12:49,13:27,SMBC4,AEH,B,DOWO,2741-54681,-,X,AHY,F,NA,0,25.9,93,58,NA,NA,NA,NA,NA,NA
NZP_2017-01-12,2017-01-12,12:51,13:34,SMBC2,REZ,B,DOWO,2741-54682,-,X,AHY,M,NA,0,26.3,99,52,NA,NA,NA,NA,NA,NA
NZP_2017-01-12,2017-01-12,12:57,13:39,SMBC2,REZ,B,TUTI,2741-54683,-,X,AHY,U,NA,1,19.4,75,64,NA,NA,NA,NA,NA,NA
NZP_2017-01-12,2017-01-12,11:50,12:12,SMBC2,AEH,B,AMGO,2750-64374,-,X,AHY,U,NA,NA,13.9,NA,NA,NA,NA,NA,NA,NA,released- mild leg injury
NZP_2017-01-12,2017-01-12,12:52,12:55,SMBC4,TAG,R,CACH,2750-64375,BY,X,AHY,U,NA,NA,NA,NA,NA,NA,NA,NA,NA,NA,NA
NZP_2017-01-19,2017-01-19,10:18,10:39,SMBC1,AEH,B,NOCA,2651-51882,M,XM,AHY,F,NA,0,45.4,89,98,NA,NA,NA,NA,NA,NA
NZP_2017-01-19,2017-01-19,10:25,10:55,SMBC2,BSE,B,NOCA,2651-51883,WY,KX,AHY,M,NA,1,48.5,93,97,NA,NA,NA,NA,NA,NA
NZP_2017-01-19,2017-01-19,10:24,11:04,SMBC3,BSE,R,WBNU,2741-54668,P,X,AHY,U,NA,0.5,21.4,92,49,NA,NA,NA,NA,NA,NA
NZP_2017-01-19,2017-01-19,11:38,12:00,SMBC3,NA,R,TUTI,2741-54669,P,X,AHY,U,NA,NA,NA,NA,NA,NA,NA,NA,NA,NA,NA
NZP_2017-01-19,2017-01-19,10:28,11:02,SMBC2,BSE,R,WBNU,2741-54677,WY,KX,AHY,U,NA,0.5,19.5,83.5,42,NA,NA,NA,NA,NA,NA
NZP_2017-01-19,2017-01-19,10:19,10:49,SMBC1,REZ,B,WTSP,2741-54684,G,X,AHY,U,NA,0.5,27.2,74,68,NA,NA,NA,NA,NA,NA
NZP_2017-01-19,2017-01-19,10:21,10:57,SMBC2,AEH,B,WTSP,2741-54685,WY,KX,AHY,U,NA,2,29.9,75,75,NA,NA,NA,NA,NA,NA
NZP_2017-01-19,2017-01-19,10:30,11:11,SMBC2,REZ,B,WTSP,2741-54686,RR,KX,AHY,U,NA,2,28.1,71,70,NA,NA,NA,NA,NA,NA
NZP_2017-01-19,2017-01-19,11:29,12:00,SMBC2,AEH,B,WBNU,2741-54687,RR,KX,AHY,U,NA,0,20.7,91,57,NA,NA,NA,NA,NA,NA
NZP_2017-01-24,2017-01-24,14:31,14:57,SMBC2,BSE,B,NOCA,2651-51884,-,X,AHY,F,NA,1,40.9,90,89,NA,NA,NA,NA,NA,NA
NZP_2017-01-24,2017-01-24,14:40,15:10,SMBC 3,JLM,B,WBNU,2711-77167,-,X,AHY,U,NA,1,11.4,87,48,NA,NA,NA,NA,NA,NA
NZP_2017-01-24,2017-01-24,14:40,15:14,SMBC 2,REZ,B,WBNU,2711-77168,-,X,AHY,U,NA,NA,NA,NA,NA,NA,NA,NA,NA,NA,NA
NZP_2017-01-24,2017-01-24,14:44,15:12,SMBC 3,JLM,B,WBNU,2711-77169,-,X,AHY,U,NA,0.5,20.1,88,44,NA,NA,NA,NA,NA,NA
NZP_2017-01-24,2017-01-24,13:44,14:24,SMBC 2,BSE,R,WBNU,2741-54668,P,X,AHY,U,NA,1,22.3,91,47,NA,NA,NA,NA,NA,NA
NZP_2017-01-24,2017-01-24,13:49,14:19,SMBC 2,BSE,R,WBNU,2741-54677,WY,KX,AHY,U,NA,1,20.1,84,43,NA,NA,NA,NA,NA,NA
NZP_2017-01-24,2017-01-24,13:35,14:09,SMBC 1,BSE,B,DEJU,2741-54688,WY,KX,AHY,U,NA,2,24.9,80,70,NA,NA,NA,NA,NA,NA
NZP_2017-01-24,2017-01-24,13:55,14:17,VET1,BSE,B,WBNU,2741-54689,YB,BX,AHY,U,NA,1,21.1,94,49,NA,NA,NA,NA,NA,NA
NZP_2017-01-24,2017-01-24,13:56,14:26,SMBC 1,BSE,B,WTSP,2741-54690,-,X,AHY,U,NA,2,30,76,70,NA,NA,NA,NA,NA,NA
NZP_2017-01-24,2017-01-24,14:17,14:50,VET1,JLM,B,TUTI,2741-54691,-,X,AHY,U,NA,1,23.5,80,70,NA,NA,NA,NA,NA,NA
NZP_2017-01-24,2017-01-24,14:19,14:53,VET1,JLM,B,TUTI,2741-54692,-,X,AHY,U,NA,1,24.2,79,65,NA,NA,NA,NA,tail_NZP-DC-741,NA
NZP_2017-01-24,2017-01-24,14:26,14:55,VET1,JLM,B,DEJU,2741-54693,-,X,AHY,U,NA,2,22.6,78,63,NA,NA,NA,NA,NA,NA
NZP_2017-01-24,2017-01-24,14:31,14:58,SMBC 1,JLM,B,DEJU,2741-54694,-,X,AHY,U,NA,2,21.9,75,60,NA,NA,NA,NA,NA,NA
NZP_2017-01-24,2017-01-24,14:34,15:00,SMBC 1,BSE,B,WBNU,2741-54695,-,X,AHY,F,NA,1,20.1,86,41,NA,NA,NA,NA,NA,NA
NZP_2017-01-24,2017-01-24,14:33,15:02,SMBC 2,JLM,B,DOWO,2741-54696,-,X,AHY,F,NA,0.5,27.4,92,55,NA,NA,NA,NA,NA,Growing R2
NZP_2017-01-24,2017-01-24,14:38,15:04,SMBC 2,JLM,B,TUTI,2741-54697,-,X,AHY,U,NA,1,19.2,81,75,NA,NA,NA,NA,NA,NA
NZP_2017-01-24,2017-01-24,14:38,15:05,SMBC 3,BSE,B,TUTI,2741-54698,-,X,AHY,U,NA,2,23.9,79,66,NA,NA,NA,NA,NA,NA
NZP_2017-01-24,2017-01-24,14:39,15:07,SMBC 1,JLM,B,TUTI,2741-54700,-,X,AHY,U,NA,1,21.1,76,67,NA,NA,NA,NA,NA,NA
NZP_2017-01-24,2017-01-24,13:31,14:02,SMBC 1,BSE,R,DEJU,2750-64372,O,X,AHY,U,NA,1,21.1,74,61,NA,NA,NA,NA,NA,NA
NZP_2017-01-24,2017-01-24,13:36,14:04,VET1,BSE,R,CACH,2750-64375,BY,X,AHY,U,NA,2,8.9,59,52,NA,NA,NA,NA,NA,NA
NZP_2017-01-24,2017-01-24,13:47,14:21,SMBC 2,BSE,B,CACH,2750-64376,-,X,AHY,U,NA,1,9.3,61,52,NA,NA,NA,NA,NA,NA
NZP_2017-01-24,2017-01-24,13:55,14:29,SMBC 1,BSE,B,CACH,2750-64377,-,X,AHY,U,NA,2,10.2,65,53,NA,NA,NA,NA,NA,NA
NZP_2017-01-24,2017-01-24,14:36,15:03,SMBC 2,BSE,B,CACH,2750-64378,-,X,AHY,U,NA,2,9.5,63,55,NA,NA,NA,NA,NA,NA
NZP_2017-01-25,2017-01-25,11:08,11:23,VC1,AEH,B,WTSP,2711-77170,YB,BX,AHY,U,NA,NA,37.1,74,NA,NA,NA,NA,NA,NA,flew away
NZP_2017-01-25,2017-01-25,12:01,12:17,SB1,AEH,B,CARW,2711-77171,RP,X,AHY,U,NA,2,24.8,60,50,NA,NA,NA,NA,NA,Kevin?
NZP_2017-01-25,2017-01-25,12:38,13:00,VC1,AEH,B,TUTI,2711-77172,O,XK,AHY,U,NA,0.5,33.3,81,70,NA,NA,NA,NA,NA,NA
NZP_2017-01-31,2017-01-31,12:04,12:39,Vet1,AEH,B,DEJU,2711-77173,-,X,AHY,U,NA,1,20.2,75,62,NA,NA,NA,NA,NA,NA
NZP_2017-01-31,2017-01-31,12:04,12:43,VET1,AEH,B,DEJU,2711-77174,-,X,AHY,U,NA,1,20.7,77,66,NA,NA,NA,NA,NA,NA
NZP_2017-01-31,2017-01-31,12:26,12:52,SMBC4,AEH,B,DEJU,2711-77175,-,X,AHY,U,NA,0.5,20.5,72.5,61,NA,NA,NA,NA,NA,NA
NZP_2017-01-31,2017-01-31,12:54,13:18,SMBC 2,AEH,B,TUTI,2711-77176,RO,X,AHY,U,NA,0.5,24.2,72,75,NA,NA,NA,NA,NA,NA
NZP_2017-01-31,2017-01-31,12:49,13:25,SMBC 2,AEH,B,HOFI,2711-77177,RM,GX,AHY,F,NA,1,21.9,76,59,NA,NA,NA,NA,NA,NA
NZP_2017-01-31,2017-01-31,12:49,13:32,SMBC 2,AEH,B,HOFI,2711-77178,RO,BX,AHY,M,NA,0.5,22.3,79,65,NA,NA,NA,NA,NA,NA
NZP_2017-01-31,2017-01-31,12:50,13:38,SMBC 2,AEH,B,HOFI,2711-77179,OW,BX,AHY,F,NA,1,22.3,76,56,NA,NA,NA,NA,NA,NA
NZP_2017-01-31,2017-01-31,12:52,13:46,SMBC4,AEH,B,WBNU,2711-77180,GM,YX,AHY,U,NA,0.5,21.5,88,44,NA,NA,NA,NA,NA,NA
NZP_2017-01-31,2017-01-31,12:52,13:50,SMBC 2,AEH,B,HOFI,2711-77181,YY,GX,AHY,F,NA,0.5,22.2,77.5,60,NA,NA,NA,NA,NA,NA
NZP_2017-01-31,2017-01-31,12:22,12:48,SMBC 2,AEH,R,WBNU,2741-54668,P,X,AHY,U,NA,0,21.4,92,46,NA,NA,NA,NA,NA,NA
NZP_2017-01-31,2017-01-31,12:58,13:54,SMBC4,AEH,R,WBNU,2741-54677,WY,KX,AHY,U,NA,0.5,19.3,86,41,NA,NA,NA,NA,NA,NA
NZP_2017-01-31,2017-01-31,12:04,12:33,Vet1,AEH,R,DEJU,2750-64372,O,X,AHY,U,NA,1,20.1,81,62,NA,NA,NA,NA,NA,NA
NZP_2017-01-31,2017-01-31,11:55,12:29,SMBC 2,AEH,R,CACH,2750-64375,BY,X,AHY,U,NA,0.5,8.9,59,52,NA,NA,NA,NA,NA,NA
NZP_2017-02-01,2017-02-01,11:35,12:27,SMBC3,BSE,B,MODO,1793-94805,-,X,AHY,U,NA,2,142.6,150+,138,NA,NA,NA,NA,NA,NA
NZP_2017-02-01,2017-02-01,11:35,12:33,SMBC 2,BSE,B,MODO,1793-94806,-,X,AHY,U,NA,2,152.7,150+,139,NA,NA,NA,NA,NA,NA
NZP_2017-02-01,2017-02-01,10:23,11:32,SMBC 2,AEH,B,NOCA,2651-51885,RR,KX,AHY,M,NA,1,51.6,97,103,NA,NA,NA,NA,NA,NA
NZP_2017-02-01,2017-02-01,10:28,11:13,SMBC4,AEH,R,DEJU,2711-77173,-,X,AHY,U,NA,0.5,19.2,75,63,NA,NA,NA,NA,NA,NA
NZP_2017-02-01,2017-02-01,10:26,11:04,SMBC 2,AEH,B,HOFI,2711-77182,-,X,AHY,M,NA,0.5,21.4,82,61,NA,NA,NA,NA,NA,NA
NZP_2017-02-01,2017-02-01,10:24,11:13,SMBC 2,BSE,B,WBNU,2711-77183,-,X,AHY,U,NA,0.5,20.1,87.5,47,NA,NA,NA,NA,NA,NA
NZP_2017-02-01,2017-02-01,10:24,11:23,NA,AEH,B,WBNU,2711-77184,-,X,AHY,U,NA,0,20.6,86,46,NA,NA,NA,NA,NA,NA
NZP_2017-02-01,2017-02-01,10:26,11:40,SMBC4,BSE,B,TUTI,2711-77185,-,X,AHY,U,NA,0.5,21.5,79,69,NA,NA,NA,NA,NA,NA
NZP_2017-02-01,2017-02-01,10:29,11:43,SMBC4,AEH,B,WBNU,2711-77186,-,X,AHY,U,NA,0.5,20.6,88,43,NA,NA,NA,NA,NA,NA
NZP_2017-02-01,2017-02-01,10:40,11:54,VET1,BSE,B,SOSP,2711-77187,-,X,AHY,U,NA,0.5,22.5,65,76,NA,NA,NA,NA,NA,NA
NZP_2017-02-01,2017-02-01,11:05,12:06,SMBC 2,AEH,B,TUTI,2711-77188,-,X,AHY,U,NA,0.5,22.6,83,67,NA,NA,NA,NA,NA,NA
NZP_2017-02-01,2017-02-01,11:05,12:09,SMBC 2,AEH,B,TUTI,2711-77189,-,X,AHY,U,NA,0.5,22.2,82,69,NA,NA,NA,NA,NA,NA
NZP_2017-02-01,2017-02-01,10:51,12:12,VET1,AEH,B,TUTI,2711-77190,-,X,AHY,U,NA,0.5,24,83,80,NA,NA,NA,NA,NA,NA
NZP_2017-02-01,2017-02-01,11:47,12:22,SMBC4,AEH,B,TUTI,2711-77191,-,X,AHY,U,NA,0.5,24.2,80,71,NA,NA,NA,NA,NA,NA
NZP_2017-02-01,2017-02-01,11:42,12:50,SMBC4,REZ,B,TUTI,2711-77192,-,X,AHY,U,NA,0.5,21.3,80,72,NA,NA,NA,NA,NA,NA
NZP_2017-02-01,2017-02-01,10:30,10:57,SMBC4,AEH,R,WBNU,2741-54668,P,X,AHY,U,NA,0,22.1,90,47,NA,NA,NA,NA,NA,NA
NZP_2017-02-01,2017-02-01,10:30,11:19,SMBC4,AEH,R,TUTI,2741-54670,X,KO,AHY,U,NA,0.5,21.5,78,62,NA,NA,NA,NA,NA,NA
NZP_2017-02-01,2017-02-01,11:09,12:15,SMBC 2,AEH,R,TUTI,2741-54679,-,X,AHY,U,NA,0.5,19.7,80,81,NA,NA,NA,NA,NA,NA
NZP_2017-02-01,2017-02-01,10:42,11:47,VET1,BSE,R,WBNU,2741-54672,GX,GG,AHY,U,NA,0.5,20.8,89,47,NA,NA,NA,NA,NA,NA
NZP_2017-02-01,2017-02-01,10:48,12:00,VET1,AEH,R,DOWO,2741-54696,-,X,AHY,F,NA,0.5,24.5,92,58.5,NA,NA,NA,NA,NA,NA
NZP_2017-02-01,2017-02-01,10:27,11:10,SMBC4,AEH,B,DEJU,2750-41550,-,X,AHY,U,NA,1,21.1,74.5,64,NA,NA,NA,NA,NA,NA
NZP_2017-02-01,2017-02-01,10:23,11:52,SMBC4,AEH,B,CACH,2750-41551,-,X,AHY,U,NA,0,9.4,63,57,NA,NA,NA,NA,NA,NA
NZP_2017-02-01,2017-02-01,10:45,11:55,VET1,AEH,B,CACH,2750-41552,-,X,AHY,U,NA,0,9.5,63,52,NA,NA,NA,NA,NA,NA
NZP_2017-02-01,2017-02-01,11:40,12:40,SMBC 2,AEH,B,AMGO,2750-41553,-,X,AHY,M,NA,NA,11.5,NA,NA,NA,NA,NA,NA,NA,Released stress
NZP_2017-02-01,2017-02-01,10:32,11:36,SMBC4,AEH,R,DEJU,2750-64372,O,X,AHY,U,NA,0.5,19.6,74,58,NA,NA,NA,NA,NA,NA
NZP_2017-02-01,2017-02-01,11:40,12:39,SMBC4,REZ,R,AMGO,2750-64374,-,X,AHY,F,NA,2,13.8,70,46,NA,NA,NA,NA,NA,NA
NZP_2017-02-06,2017-02-06,11:00,11:19,SMBC1,JLM,B,TUTI,2711-54837,-,X,AHY,U,NA,0.5,21.2,75,68,NA,NA,NA,NA,NA,Caught twice
NZP_2017-02-06,2017-02-06,11:08,11:31,SMBC2,AEH,R,TUTI,2711-77176,RO,X,AHY,U,NA,0.5,24.1,72,74,NA,NA,NA,NA,NA,NA
NZP_2017-02-06,2017-02-06,12:25,12:50,SMBC2,AEH,R,TUTI,2711-77188,-,X,AHY,U,NA,1,18.9,80,70,NA,NA,NA,NA,NA,NA
NZP_2017-02-06,2017-02-06,11:45,11:58,ANDBR1,AEH,R,TUTI,2711-77190,-,X,AHY,U,NA,0.5,25.2,82,69,NA,NA,NA,NA,NA,NA
NZP_2017-02-06,2017-02-06,12:26,12:30,SMBC2,JLM,R,TUTI,2711-77192,-,X,AHY,U,NA,0,22.2,78,70,NA,NA,NA,NA,NA,NA
NZP_2017-02-06,2017-02-06,11:10,11:39,SMBC2,AEH,B,TUTI,2711-77193,-,X,AHY,U,NA,1,22.1,78,64,NA,NA,NA,NA,NA,NA
NZP_2017-02-06,2017-02-06,11:04,11:46,SMBC1,BSE,B,TUTI,2711-77194,-,X,AHY,U,NA,0.5,23.8,83,74,NA,NA,NA,NA,NA,NA
NZP_2017-02-06,2017-02-06,12:28,12:46,SMBC3,AEH,B,DOWO,2711-77195,-,X,AHY,F,NA,0.5,25.6,92,51,NA,NA,NA,NA,NA,NA
NZP_2017-02-06,2017-02-06,12:26,12:56,SMBC2,AEH,B,WBNU,2711-77196,-,X,AHY,U,NA,0.5,17.6,84,42,NA,NA,NA,NA,NA,NA
NZP_2017-02-06,2017-02-06,12:00,12:05,SMBC3,JLM,R,WBNU,2741-54668,P,X,AHY,U,NA,NA,NA,NA,NA,NA,NA,NA,NA,NA,Released due to wing injury
NZP_2017-02-06,2017-02-06,12:50,12:59,ANDBR1,AEH,R,TUTI,2741-54675,-,X,AHY,U,NA,1,20.1,77,68.5,NA,NA,NA,NA,NA,NA
NZP_2017-02-06,2017-02-06,12:14,12:27,ANDBR1,AEH,R,TUTI,2741-54698,-,X,AHY,U,NA,1,24.3,81,66,NA,NA,NA,NA,NA,NA
NZP_2017-02-06,2017-02-06,11:07,11:24,SMBC2,JLM,R,TUTI,2741-54700,-,X,AHY,U,NA,0,20.7,75,65,NA,NA,NA,NA,NA,NA
NZP_2017-02-06,2017-02-06,12:45,1:04,ANDBR1,AEH,R,CACH,2750-64347,X,KO,AHY,U,NA,0,9.3,58,51,NA,NA,NA,NA,NA,NA
NZP_2017-02-08,2017-02-08,10:28,11:10,SMBC2,AEH,R,WBNU,1761-18271,-,X,AHY,U,NA,0.5,20.9,92,47,18.76,NA,NA,NA,tail_U,NA
NZP_2017-02-08,2017-02-08,11:00,11:33,SMBC4,AEH,R,TUTI,2711-77176,RO,X,AHY,U,NA,0.5,NA,84,74,21.17,NA,NA,NA,tail_NZP-DC-721,NA
NZP_2017-02-08,2017-02-08,10:28,10:57,SMBC2,AEH,B,WBNU,2711-77197,-,X,AHY,U,NA,0,19.9,86,47,19.23,NA,NA,NA,tail_NZP-DC-710,NA
NZP_2017-02-08,2017-02-08,10:57,11:29,SMBC2,AEH,B,HOFI,2711-77198,-,X,AHY,F,NA,0.5,20.2,75,61,16.84,NA,NA,NA,tail_NZP-DC-734,NA
NZP_2017-02-08,2017-02-08,11:30,12:20,SMBC2,AEH,B,DOWO,2711-77199,-,X,AHY,F,NA,0,25.9,92,51,NA,NA,NA,NA,tail_NZP-DC-711,NA
NZP_2017-02-08,2017-02-08,11:00,11:42,SMBC4,AEH,R,TUTI,2741-54669,P,X,AHY,U,NA,0.5,23.9,90,77,21.58,NA,NA,NA,tail_NZP-DC-736,NA
NZP_2017-02-08,2017-02-08,11:35,11:56,SMBC2,JLM,R,DOWO,2741-54682,-,X,AHY,M,NA,0,24.6,92,51,NA,NA,NA,NA,NA,NA
NZP_2017-02-08,2017-02-08,11:49,12:30,SMBC4,AEH,R,TUTI,2741-54697,-,X,AHY,U,NA,0.5,21.3,83,83,19.46,NA,NA,NA,tail_NZP-DC-716,NA
NZP_2017-02-08,2017-02-08,11:37,12:25,SMBC3,AEH,B,DEJU,2750-41555,-,X,AHY,U,NA,0,20.9,80,67,21.31,NA,NA,NA,tail_NZP-DC-708,NA
NZP_2017-02-08,2017-02-08,11:37,12:01,SMBC2,JLM,B,AMGO,2750-64379,-,X,AHY,U,NA,1,13.2,71,43,NA,NA,NA,NA,NA,NA
NZP_2017-02-08,2017-02-08,11:45,12:05,SMBC2,JLM,B,AMGO,2750-64380,-,X,AHY,U,NA,1,13.7,71,43.5,NA,NA,NA,NA,NA,NA
NZP_2017-02-08,2017-02-08,11:44,12:10,SMBC3,JLM,B,DEJU,2750-64381,-,X,AHY,U,NA,0.5,20.1,75,65,NA,NA,NA,NA,NA,NA
NZP_2017-02-08,2017-02-08,11:30,12:07,SMBC2,AEH,B,AMGO,2750-41554,-,X,AHY,M,NA,0.5,13.6,73,51,13.75,NA,NA,NA,tail_NZP-DC-713,NA
NZP_2017-02-14,2017-02-14,13:58,14:45,ANDBR1,BSE,B,TUTI,2711-54777,-,X,ASY,U,NA,0.5,19.9,79,69,20.85,NA,NA,FTRUN,tail_NZP-DC-725,NA
NZP_2017-02-14,2017-02-14,13:42,NA,SMBC1,AEH,B,WTSP,2711-54776,-,X,AHY,U,NA,1,29.7,75,79,23.3,N,NA,F,tail_NZP-DC-714,"assume aluminum on right, not listed on datasheet -rz"
NZP_2017-02-14,2017-02-14,14:34,14:56,SMBC1,BSE,B,WTSP,2711-54778,-,X,ASY,U,NA,2,29.7,74,72,23.35,N,NA,FTRUN,tail_NZP-DC-724,NA
NZP_2017-02-14,2017-02-14,NA,NA,NA,DLA,B,DOWO,2711-54836,-,X,AHY,F,NA,0,29.6,95,56,NA,NA,NA,NA,NA,"assume aluminum on right, not listed on datasheet -rz"
NZP_2017-02-14,2017-02-14,14:24,14:51,vet1,JLM,B,TUTI,2711-54866,-,X,AHY,U,NA,0,22.2,79,68,NA,NA,NA,NA,NA,"assume aluminum on right, not listed on datasheet -rz"
NZP_2017-02-14,2017-02-14,14:02,14:09,SMBC4,REZ,R,DOWO,2711-77195,-,X,AHY,U,NA,0,24.9,93,50,NA,NA,NA,NA,NA,NA
NZP_2017-02-14,2017-02-14,13:41,14:11,SMBC1,BSE,B,WTSP,2711-77200,-,X,AHY,U,NA,0.5,28.5,74.5,73,23.42,N,NA,FTAP,tail_NZP-DC-728,NA
NZP_2017-02-14,2017-02-14,14:04,14:07,SMBC4,JLM,R,DEJU,2750-41555,-,X,AHY,U,NA,0.5,NA,80,65,NA,NA,NA,NA,NA,No bag to weigh it in
NZP_2017-02-14,2017-02-14,13:42,14:18,SMBC2,BSE,B,DEJU,2750-41556,-,X,AHY,U,NA,1,19.5,73.5,61.5,20.69,N,NA,FTRUN,tail_NZP-DC-715,NA
NZP_2017-02-14,2017-02-14,13:44,14:30,SMBC2,BSE,B,DEJU,2750-41557,-,X,ASY,U,NA,1,21.6,72.5,64,20.73,NA,NA,FTRUN,tail_U,NA
NZP_2017-02-14,2017-02-14,13:45,14:38,SMBC2,AEH,B,DEJU,2750-41558,-,X,SY,U,NA,NA,19.1,72.5,64,20.11,N,NA,FTAP,tail_NZP-DC-729,NA
NZP_2017-02-14,2017-02-14,13:47,14:42,SMBC2,BSE,B,DEJU,2750-41559,-,X,ASY,U,NA,1,21.2,80.5,66,21.01,N,NA,FTRUN,tail_NZP-DC-726,NA
NZP_2017-02-14,2017-02-14,14:40,15:01,SMBC2,BSE,B,AMGO,2750-41560,-,X,AHY,U,NA,2,12.8,70.5,45.5,NA,N,NA,NA,tail_NZP-DC-722,NA
NZP_2017-02-14,2017-02-14,14:42,15:06,SMBC3,BSE,B,DEJU,2750-41561,-,X,AHY,U,NA,1,19.7,73,61,NA,N,NA,NA,tail_NZP-DC-723,NA
NZP_2017-02-14,2017-02-14,13:48,14:04,SMBC2,JLM,B,AMGO,2750-64382,-,X,AHY,U,NA,0.5,13.5,70,43,NA,NA,NA,NA,NA,NA
NZP_2017-02-14,2017-02-14,13:45,14:15,SMBC2,JLM,B,DEJU,2750-64383,-,X,AHY,U,NA,1,21.6,82,63,NA,NA,NA,NA,NA,NA
NZP_2017-02-24,2017-02-24,11:26,11:37,SMBC2,NA,R,DEJU,2750-64383,-,X,AHY,NA,NA,NA,NA,NA,NA,NA,N,NA,NA,NA,released
NZP_2017-02-14,2017-02-14,13:48,14:16,SMBC2,TAG,B,DEJU,2750-64385,-,X,AHY,F,NA,1,20.1,85,64,NA,NA,NA,NA,NA,NA
NZP_2017-02-14,2017-02-14,13:50,14:17,SMBC2,TAG,B,DEJU,2750-64386,-,X,AHY,U,NA,0.5,20.8,73,62,NA,NA,NA,NA,NA,NA
NZP_2017-02-14,2017-02-14,13:52,14:00,SMBC2,TAG,B,AMGO,2750-64387,-,X,AHY,U,NA,1,14.2,68,45,NA,NA,NA,NA,NA,NA
NZP_2017-02-14,2017-02-14,13:50,14:30,SMBC2,JLM,B,AMGO,2750-64388,-,X,AHY,U,NA,0.5,12.5,69,43,NA,NA,NA,NA,NA,"assume aluminum on right, not listed on datasheet -rz"
NZP_2017-02-14,2017-02-14,13:50,14:35,SMBC2,JLM,B,DEJU,2750-64389,-,X,AHY,U,NA,0.5,18.9,71,60,NA,NA,NA,NA,NA,"assume aluminum on right, not listed on datasheet -rz"
NZP_2017-02-14,2017-02-14,13:59,NA,SMBC3,JLM,B,DEJU,2750-64390,-,X,AHY,U,NA,1,21.4,72,61,NA,NA,NA,NA,NA,"assume aluminum on right, not listed on datasheet -rz"
NZP_2017-02-14,2017-02-14,14:03,14:45,SMBC3,JLM,B,AMGO,2750-64391,-,X,AHY,U,NA,0.5,14,76,45,NA,NA,NA,NA,NA,"assume aluminum on right, not listed on datasheet -rz"
NZP_2017-02-23,2017-02-23,11:57,12:30,SMBC2,REZ,B,DOWO,2711-54779,X,-,AHY,U,NA,NA,28.3,92,56,NA,NA,NA,NA,NA,NA
NZP_2017-02-23,2017-02-23,11:14,12:06,SMBC3,REZ,R,WBNU,2741-54668,P,X,AHY,U,NA,0,20.9,91.5,46,19.07,NA,NA,NA,NA,NA
NZP_2017-02-23,2017-02-23,NA,NA,NA,NA,R,WBNU,2741-54677,WY,KX,AHY,U,NA,NA,NA,NA,NA,NA,NA,NA,NA,NA,Caught and released immediately
NZP_2017-02-23,2017-02-23,10:50,11:29,SMBC2,REZ,B,DEJU,2750-41562,X,-,AHY,U,NA,0.5,18.1,78,64.5,NA,NA,NA,NA,tail_NZP-DC-731,NA
NZP_2017-02-23,2017-02-23,10:56,11:40,SMBC4,REZ,B,DEJU,2750-41563,X,-,AHY,U,NA,0.5,20.3,82,68,NA,NA,NA,NA,tail_NZP-DC-730,NA
NZP_2017-02-23,2017-02-23,11:02,11:46,SMBC4,AEH,B,DEJU,2750-41564,X,-,AHY,U,NA,1,21.3,81,65,NA,NA,NA,NA,tail_NZP-DC-732,NA
NZP_2017-02-23,2017-02-23,11:54,12:23,SMBC2,REZ,B,DEJU,2750-41565,X,-,AHY,U,NA,0.5,20,75,61,21.73,NA,NA,NA,tail_NZP-DC-733,NA
NZP_2017-02-24,2017-02-24,11:26,11:55,SMBC2,BSE,B,NOCA,2651-51887,X,-,AHY,F,NA,0.5,40.6,93,100,23.35,NA,P,NA,tail_NZP-DC-735,NA
NZP_2017-02-24,2017-02-24,11:26,12:02,SMBC2,REZ,B,HOFI,2711-54780,X,-,AHY,M,NA,NA,20.1,79,57,NA,NA,P,NA,NA,"Released, possible minor stress"
NZP_2017-02-24,2017-02-24,11:23,11:43,SMBC4,REZ,R,DOWO,2711-77195,-,X,AHY,F,NA,0.5,24.4,92,51,NA,N,P,NA,NA,NA
NZP_2017-02-24,2017-02-24,10:38,11:19,SMBC2,REZ,R,WBNU,2741-54689,YB,BX,AHY,U,NA,0,20.7,92,47,18.43,N,NA,NA,NA,NA
NZP_2017-02-24,2017-02-24,10:34,11:06,SMBC4,AEH,R,DEJU,2750-41566,X,-,AHY,U,NA,0.5,17.3,74,60,20.49,N,NA,NA,NA,re-banded from 1B to 0
NZP_2017-02-24,2017-02-24,10:30,10:51,SMBC4,AEH,R,CACH,2750-64370,PP,XP,AHY,U,NA,0,8.8,57,40,17.36,NA,NA,NA,NA,NA
NZP_2017-02-24,2017-02-24,11:32,11:32,SMBC4,NA,R,DOWO,2711-54779,X,-,AHY,NA,NA,NA,NA,NA,NA,NA,NA,NA,NA,NA,Released 
NZP_2017-02-28,2017-02-28,11:20,11:30,VC2,JLM,B,NOMO,1352-46148,GR,PX,AHY,U,NA,0.5,53.7,102,93,NA,NA,NA,NA,NA,NA
NZP_2017-02-28,2017-02-28,11:20,11:53,VC2,REZ,B,NOCA,2651-51886,X,-,AHY,M,NA,NA,NA,NA,NA,NA,NA,P,NA,NA,Released early due to stress of banding
NZP_2017-02-28,2017-02-28,11:52,12:07,SLOTH,AEH,B,NOCA,2651-51888,X,-,AHY,M,NA,0,44.9,95,100,24.12,NA,P,NA,tail_U,NA
NZP_2017-02-28,2017-02-28,11:20,11:45,VC1,AEH,B,HOSP,NA,P,-,AHY,M,NA,0.5,25.9,78,57,17.39,NA,P,NA,NA,NA
NZP_2017-02-28,2017-02-28,11:20,11:50,VC1,AEH,B,HOSP,NA,Y ,-,AHY,M,NA,0.5,24.3,79.5,58,17.26,NA,P,NA,NA,NA
NZP_2017-03-07,2017-03-07,10:49,11:24,BH1,BSE,B,WTSP,2711-54775,X,-,AHY,U,NA,0.5,27.7,76,73.5,23.01,NA,NA,NA,NA,7 People
NZP_2017-03-07,2017-03-07,10:59,11:32,BH1,BSE,B,TUTI,2711-54781,-,X,AHY,NA,NA,0.5,21.6,79.5,67,21.26,NA,NA,NA,NA,14 People
NZP_2017-03-07,2017-03-07,11:24,11:44,BH1,BSE,B,WTSP,2711-54782,X,-,AHY,U,NA,1,25.6,70,67,23.55,NA,NA,NA,NA,12 people
NZP_2017-03-07,2017-03-07,11:25,11:58,BH1,BSE,B,TUTI,2711-54783,X,-,AHY,U,NA,1,21.9,82,73,20.93,NA,NA,NA,NA,7 people
NZP_2017-03-07,2017-03-07,11:27,11:52,BH1,BSE,B,HOSP,NA,-,Y,AHY,M,NA,0.5,27.3,79.5,55,17.7,NA,P,NA,NA,3 people
NZP_2017-03-08,2017-03-08,10:30,10:58,SMBC1,BSE,R,NOCA,2651-51887,X,-,AHY,M,NA,0.5,47.7,93,104,23.87,NA,NA,NA,tail_NZP-DC-718,NA
NZP_2017-03-08,2017-03-08,11:12,NA,VET1,REZ,B,DOWO,2711-54784,X,-,AHY,M,NA,0.5,28,98,56,NA,NA,P,NA,tail_U,NA
NZP_2017-03-08,2017-03-08,10:32,11:15,SMBC3,JLM,B,TUTI,2711-54839,-,X,AHY,U,NA,0.5,21,75,64,NA,NA,NA,NA,NA,"was NZP-DC-727, no tail sample taken"
NZP_2017-03-08,2017-03-08,11:29,11:46,SMBC2,BSE,R,TUTI,2711-77191,-,X,AHY,U,NA,1,24.3,81,73,21.08,NA,NA,NA,NA,NA
NZP_2017-03-08,2017-03-08,11:32,NA,SMBC4,BSE,R,TUTI,2741-54669,P,X,AHY,U,NA,1,24.5,89,79,21.16,NA,NA,NA,NA,NA
NZP_2017-03-08,2017-03-08,10:30,11:04,SMBC4,BSE,R,WTSP,2741-54684,G,X,AHY,U,NA,0.5,25.7,72,70,22.2,NA,NA,NA,NA,NA
NZP_2017-03-08,2017-03-08,10:22,10:50,SMBC2,BSE,B,DEJU,2750-41567,X,-,AHY,U,NA,2,22.2,76,63,20.91,NA,NA,NA,tail_NZP-DC-712,NA
NZP_2017-03-08,2017-03-08,11:34,11:53,SMBC4,BSE,B,DEJU,2750-41568,X,-,AHY,U,NA,0.5,20.3,77,65.5,19.98,NA,NA,NA,tail_NZP-DC-717,NA
NZP_2017-03-08,2017-03-08,10:22,11:06,SMBC2,JLM,B,DEJU,2750-64392,-,X,AHY,U,NA,0.5,17.7,72,63,NA,NA,NA,NA,tail_NZP-DC-720,NA
NZP_2017-03-08,2017-03-08,10:23,11:10,NA,JLM,B,DEJU,2750-64393,-,X,AHY,U,NA,0.5,16.7,72,60,NA,NA,NA,NA,tail_NZP-DC-719,NA
NZP_2017-03-27,2017-03-27,9:10,9:30,BH1,BSE,B,BLJA,1793-94900,-,X,AHY,M,CP,0.5,NA,123,121,34.18,NA,NA,NA,NA,NA
NZP_2017-03-27,2017-03-27,7:45,8:24,BH1,NA,R,TUTI,2711-54781,X,-,AHY,M,CP,NA,NA,NA,NA,NA,NA,NA,NA,NA,Released without processing
NZP_2017-03-27,2017-03-27,8:35,9:39,SMBC2,JLM,B,NOCA,2711-54785,-,X,AHY,M,NA,0.5,44.6,92,96,NA,NA,NA,NA,NA,No CP
NZP_2017-03-27,2017-03-27,9:11,9:45,BH1,JLM,B,SOSP,2711-54786,-,X,AHY,U,NA,0.5,21.5,65,66,NA,NA,NA,NA,NA,"Missing R1, measured L1"
NZP_2017-03-27,2017-03-27,8:31,9:33,NA,NA,R,TUTI,2711-77189,-,X,AHY,U,NA,NA,NA,NA,NA,NA,NA,NA,NA,NA,NA
NZP_2017-03-27,2017-03-27,7:42,NA,SMBC2,REZ,R,CACH,2750-64370,PP,XP,AHY,M,CP,0.5,9.1,66,47,NA,NA,NA,NA,NA,NA
NZP_2017-03-30,2017-03-30,8:47,9:15,BH1,JLM,B,HOSP,NA,Y,O,AHY,M,NA,0.5,27.6,76,56,NA,NA,P,NA,NA,"Missing R1, measured L1"
NZP_2017-03-30,2017-03-30,8:55,9:18,BH1,JLM,B,HOSP,NA,Y,P,AHY,M,CP,0,25.7,77,55,NA,NA,"P, CP",NA,NA,NA
NZP_2017-03-30,2017-03-30,8:56,9:23,BH1,JLM,B,HOSP,NA,Y,R,AHY,F,NA,0,26.6,74,52,NA,NA,P,NA,NA,NA
NZP_2017-03-30,2017-03-30,8:46,9:35,BH1,PPM,B,WBNU,2711-54787,WB,MX,AHY,U,NA,0,NA,90,47,NA,NA,NA,NA,NA,NA
NZP_2017-03-30,2017-03-30,NA,9:42,VC1,PPM,B,AMRO,1352-46150,WY,KX,AHY,U,NA,0,NA,128,90.5,NA,NA,NA,NA,NA,NA
NZP_2017-03-30,2017-03-30,8:53,NA,BH1.5,PPM,B,DEJU,2750-41569,P,X,AHY,NA,NA,NA,19.8,82,65,NA,NA,NA,NA,NA,NA
NZP_2017-03-30,2017-03-30,8:47,NA,BH1,REZ,B,HOFI,2711-54788,-,X,AHY,M,NA,0.5,19.9,80,55.5,NA,NA,P,NA,NA,NA
NZP_2017-03-30,2017-03-30,8:53,10:00,BH1.5,REZ,B,HOSP,NA,Y,G,AHY,F,NA,0.5,31.1,78,58,NA,NA,P,NA,NA,NA
NZP_2017-03-30,2017-03-30,8:52,NA,BH1.5,REZ,B,CHSP,2750-41570,-,X,AHY,M,CP,1,13.8,74,60.5,NA,NA,NA,NA,NA,NA
NZP_2017-03-30,2017-03-30,9:11,10:11,VC1,REZ,B,TUTI,2711-54789,WY,KX,AHY,M,CP,0.5,18.6,79,70.5,NA,NA,NA,NA,NA,NA
NZP_2017-03-30,2017-03-30,9:11,NA,VC1,REZ,B,TUTI,2711-54790,RR,KX,AHY,U,NA,3,25.2,80,67,NA,NA,NA,NA,NA,NA
NZP_2017-03-30,2017-03-30,NA,10:24,BH1,REZ,R,WBNU,2711-77167,-,X,AHY,U,NA,0.5,20.2,90.5,46,NA,NA,NA,NA,NA,NA
NZP_2017-04-06,2017-04-06,9:38,10:38,BH1,BSE,B,WTSP,2711-54791,-,X,AHY,NA,NA,NA,26.1,NA,NA,NA,NA,NA,NA,NA,Released before measurements
NZP_2017-04-06,2017-04-06,9:58,10:54,BH1,BSE,B,HOSP,NA,-,Y,AHY,M,CP,0.5,27.9,79,59.5,17.17,NA,P,NA,NA,NA
NZP_2017-04-06,2017-04-06,9:58,10:55,BH1,DLM ,B,HOSP,NA,O,R,AHY,F,NA,NA,39.8,NA,NA,NA,NA,P,NA,NA,Released before measurements
NZP_2017-04-06,2017-04-06,9:58,10:55,BH1,NA,B,HOSP,NA,G,B,AHY,M,NA,NA,NA,NA,NA,NA,NA,P,NA,NA,Released before measurements
NZP_2017-04-11,2017-04-11,9:27,9:40,BH1,REZ,B,HOSP,NA,GR,P,AHY,M,CP,0,28.3,78,56,NA,NA,"P, CP",NA,blood_US-DC-001,NA
NZP_2017-04-11,2017-04-11,9:44,9:49,BH1,JLM,B,WTSP,2711-54792,X,-,AHY,U,NA,1,29.9,73,71,24.3,NA,NA,NA,NA,NA
NZP_2017-04-11,2017-04-11,9:28,9:57,BH1,REZ,B,BLJA,1793-94807,X,-,AHY,U,NA,0.5,NA,137,127,NA,NA,NA,NA,NA,NA
NZP_2017-04-11,2017-04-11,9:50,10:05,BH1,JLM,B,DOWO,2711-54793,X,-,AHY,M,NA,0,33.4,96,52,16.74,NA,P,NA,NA,Had BP as well
NZP_2017-04-11,2017-04-11,9:55,10:09,BH1,JLM,B,WTSP,2711-54794,X,-,AHY,U,NA,0.5,24.5,66,66,22.15,NA,NA,NA,NA,NA
NZP_2017-04-11,2017-04-11,11:08,11:19,BH1.5,REZ,B,AMRO,1352-46151,RR,BX,AHY,M,CP,0.5,78.4,130,77,NA,T,CP,NA,tail_NZP-DC-737,"Growing in R6-3, missing R2&1, growing in L1&2"
NZP_2017-04-11,2017-04-11,11:25,11:30,BH1.5,REZ,B,NOCA,2651-51890,YB,BX,AHY,F,NA,0.5,40.1,89,79.5,23.02,NA,P,NA,tail_NZP-DC-746,NA
NZP_2017-04-12,2017-04-12,9:30,9:42,BH1,REZ,B,NOCA,2651-51891,GP,YX,AHY,F,NA,2,46.1,91,95,NA,NA,P,NA,tail_NZP-DC-743,NA
NZP_2017-04-12,2017-04-12,10:07,NA,BH1,JLM,R,HOSP,NA,Y,-,AHY,M,NA,0,25.4,76,51,18.5,NA,P,NA,tail_NZP-DC-743,NA
NZP_2017-04-12,2017-04-12,10:38,10:38,BH1,REZ,R,TUTI,2711-54781,-,X,AHY,NA,NA,NA,NA,NA,NA,NA,NA,NA,NA,NA,Released due to stress
NZP_2017-04-12,2017-04-12,11:15,NA,BH1,REZ,B,WTSP,2711-54795,X,-,AHY,U,NA,0.5,25,70,65,22.95,NA,NA,NA,tail_NZP-DC-743,NA
NZP_2017-04-12,2017-04-12,11:15,11:38,BH4,BSE,B,BLJA,1793-94808,X,-,AHY,U,NA,1,100.7,137,131,35.96,NA,NA,NA,NA,NA
NZP_2017-04-12,2017-04-12,11:36,12:04:00,BH4,REZ,B,BLJA,1793-94809,X,-,AHY,U,NA,0.5,84.4,134,131,34.42,NA,NA,NA,NA,NA
NZP_2017-04-14,2017-04-14,7:52,8:05,BH1,JLM,B,HOSP,NA,RK,W,AHY,M,CP,0,26.2,76.5,56,NA,NA,"P, CP",NA,blood_US-DC-002,NA
NZP_2017-04-14,2017-04-14,8:08,8:17,BH1,REZ,B,WTSP,2711-54796,X,-,AHY,U,NA,0.5,27.4,73,71.5,24.19,NA,NA,NA,tail_NZP-DC-747,NA
NZP_2017-04-14,2017-04-14,8:25,8:36,BH1,REZ,B,WTSP,2711-54797,X,-,AHY,U,NA,2,32.9,85,71,24.05,NA,NA,NA,tail_NZP-DC-748,NA
NZP_2017-04-14,2017-04-14,8:25,8:45,BH1,JLM,B,HOSP,NA,BG,G,AHY,M,NA,0,24.8,75,50,NA,NA,P,NA,blood_US-DC-003,NA
NZP_2017-04-14,2017-04-14,8:47,8:58,BH1.5,REZ,B,WTSP,2711-54798,X,-,AHY,U,NA,1,28.1,76,72.5,24.07,NA,NA,NA,tail_NZP-DC-749,NA
NZP_2017-04-14,2017-04-14,8:48,9:04,BH1,REZ,B,WBNU,2711-54799,X,-,AHY,U,NA,0.5,19.9,91,56,NA,NA,NA,NA,NA,NA
NZP_2017-04-14,2017-04-14,9:06,9:16,BH1,JLM,B,HOSP,NA,RW,G,AHY,M,CP,0,28.6,77,56,NA,NA,"P, CP",NA,blood_US-DC-004,NA
NZP_2017-04-14,2017-04-14,10:15,10:30,KIWI ENCLOSURE,JLM,B,SOSP,2711-54800,WY,KX,AHY,M,CP,0,12.3,65,67,NA,NA,CP,NA,tail_NZP-DC-750,NA
NZP_2017-05-03,2017-05-03,9:16,9:30,SMBC2,JAC,B,HOSP,NA,MB,P,AHY,F,NA,0.5,24.7,75,57,19.17,NA,"P, BP",P,NA,NA
NZP_2017-05-03,2017-05-03,9:16,9:36,SMBC2,JAC,B,HOFI,2661-07866,-,X,AHY,M,CP,2,20.3,80,61,17.76,NA,"P, CP",P,NA,NA
NZP_2017-05-03,2017-05-03,9:16,9:40,SMBC2,JAC,B,HOFI,2661-07867,X,-,AHY,F,BP,1,21,77,63,18.1,NA,"P, BP",P,NA,NA
NZP_2017-05-03,2017-05-03,9:16,10:00,SMBC4,JLM,B,HOSP,NA,YR,P,AHY,F,BP,0.5,26,76,52,20.12,NA,"P, BP",P,blood_US-DC-007; tail_NZP-DC-751,NA
NZP_2017-05-03,2017-05-03,9:16,9:59,SMBC3,JAC,B,MYWA,2750-41571,X,-,AHY,M,NA,3,13.1,73,55,19.09,NA,P,P,NA,NA
NZP_2017-05-03,2017-05-03,9:45,10:04,SMBC4,JAC,R,DOWO,2711-54779,X,-,AHY,F,BP,1,29.6,91,57,16.92,NA,"P, BP",P,NA,NA
NZP_2017-05-03,2017-05-03,9:45,10:10,SMBC2,REZ,B,MYWA,2750-41572,X,-,AHY,F,NA,1,13.1,75,52,20.89,Y,P,P,tail_NZP-DC-752,body feathers in pin
NZP_2017-05-03,2017-05-03,9:45,10:13,SMBC3,JAC,B,MYWA,2750-41573,X,-,AHY,F,NA,2,12.2,68,52,17.54,N,P,P,tail_NZP-DC-753,NA
NZP_2017-05-03,2017-05-03,9:49,10:20,SMBC3,REZ,B,MYWA,2750-41574,X,-,AHY,U,NA,1,12.7,71,47,18.48,N,NA,P,tail_NZP-DC-754,NA
NZP_2017-05-03,2017-05-03,10:25,10:34,SMBC3,JAC,B,MYWA,2750-41575,X,-,AHY,M,NA,2,13.2,71,51,16.78,Y,P,M,tail_NZP-DC-755,NA
NZP_2017-05-03,2017-05-03,10:22,10:35,SMBC3,REZ,B,BHCO,2651-51893,X,-,AHY,F,NA,0.5,41.2,98,64.5,25.58,N,P,NA,tail_NZP-DC-756,took R1
NZP_2017-05-03,2017-05-03,10:27,10:38,SMBC2,JAC,B,TUTI,2661-07868,X,-,AHY,F,BP,1,20.3,80,70,19.75,Y,BP,P,tail_NZP-DC-757,"ectoparasites, growing R2"
NZP_2017-05-03,2017-05-03,10:24,10:50,SMBC3,REZ,B,MYWA,2750-41576,X,-,AHY,M,CP,1,12.4,75,55.5,18.28,N,"P, CP",P,tail_NZP-DC-758,NA
NZP_2017-05-03,2017-05-03,10:17,10:54,SMBC2,JAC,B,NOCA,2651-51894,WB,MX,AHY,M,CP,1,40.9,92,105,22.5,N,"P, CP",P,tail_NZP-DC-759,NA
NZP_2017-05-03,2017-05-03,10:19,10:55,SMBC4,JLM,B,HOSP,NA,WG,P,AHY,M,CP,0,25.5,77,55,19.66,N,"P, CP",P,tail_NZP-DC-760,NA
NZP_2017-05-03,2017-05-03,10:25,11:05,SMBC3,REZ,B,BHCO,2651-51895,X,-,AHY,M,CP,1,46.6,107,73,26.35,N,"P, CP",P,tail_NZP-DC-761,NA
NZP_2017-05-03,2017-05-03,10:25,11:00,SMBC3,JAC,B,MYWA,2750-41577,X,-,AHY,F,NA,2,12.8,69,54,18.98,Y,P,P,tail_NZP-DC-762,"head and body molt, not breeding condition"
NZP_2017-05-03,2017-05-03,10:21,11:01,SMBC2,JLM,B,HOFI,2661-07869,X,-,AHY,M,CP,0,19.7,76.5,56,16.64,N,"P, CP",P,tail_NZP-DC-763,NA
NZP_2017-05-03,2017-05-03,10:33,11:10,SMBC4,JAC,B,NOCA,2651-51896,YK,GX,AHY,F,BP,0,34.3,90,101,23.1,N,"P, BP",P,tail_NZP-DC-764,leucistic feathers on face
NZP_2017-05-03,2017-05-03,NA,NA,NA,NA,NA,NA,2651-51892,NA,NA,NA,NA,NA,NA,NA,NA,NA,NA,NA,NA,NA,NA,Band lost
NZP_2017-05-06,2017-05-06,9:58,10:40,BH2,REZ,B,HOSP,NA,Y,GO,AHY,F,BP,1,23.3,76,55,18.81,N,BP,P,tail_NZP-DC-769,NA
NZP_2017-05-06,2017-05-06,10:10,10:47,BH1,REZ,B,WTSP,2661-07870,X,-,AHY,U,NA,3,28.1,79,65,22.76,N,NA,NA,NA,NA
NZP_2017-05-06,2017-05-06,10:11,NA,BH2,REZ,B,HOSP,NA,KK,K,AHY,M,CP,1,25.6,77,54,19.31,N,"P, CP",NA,NA,NA
NZP_2017-05-06,2017-05-06,10:45,11:08,BH1,REZ,B,HOFI,2661-07871,X,-,AHY,M,CP,1,21.4,81.5,60,17.97,N,"P, CP",P,NA,NA
NZP_2017-05-06,2017-05-06,10:00,11:15,BH2,BSE,B,NOCA,2651-51900,X,-,AHY,M,CP,0.5,40.6,90.5,101,24.6,NA,"P, CP",P,NA,NA
NZP_2017-05-06,2017-05-06,10:45,11:25,NA,REZ,B,WTSP,2661-07872,X,-,AHY,U,NA,3,28.6,72.5,68,22.6,N,NA,P,NA,NA
NZP_2017-05-06,2017-05-06,11:16,NA,BH1,REZ,B,WCSP,2661-07874,X,-,AHY,U,NA,3,NA,75,NA,23.1,T,NA,P,NA,NA
NZP_2017-05-06,2017-05-06,11:46,12:08,BH3,REZ,B,NOCA,2701-39099,X,-,AHY,M,CP,0,41.1,95,103,23.94,N,"P, CP",P,NA,NA
NZP_2017-05-06,2017-05-06,11:47,NA,BH4,REZ,B,GRCA,2701-39098,GX,GB,SY,M,CP,0.5,33.9,86,95,26.56,N,CP,P,tail_NZP-DC-768,"Only aluminum banded on this day, color bands added later by GRCA crew."
NZP_2017-05-06,2017-05-06,11:47,12:17,BH3,REZ,R,SOSP,2711-54800,WY,KX,AHY,M,CP,NA,20.5,73,68,21.78,N,"P, CP",NA,NA,NA
NZP_2017-05-06,2017-05-06,12:38,12:58,BH1,REZ,R,NOCA,991-78724,PP,X,AHY,F,BP,0.5,40.7,93,100,25.42,N,"P, BP",NA,NA,NA
NZP_2017-05-06,2017-05-06,12:35,13:08,BH3,REZ,B,GRCA,2701-39077,WY,KX,AHY,M,CP,1,32.3,84.5,91,27.35,NA,CP,NA,tail_NZP-DC-767,NA
NZP_2017-05-06,2017-05-06,12:43,13:14,BH3,REZ,B,DOWO,2661-07873,X,-,AHY,F,BP,0,27.5,96,56,NA,N,"P, BP",NA,NA,"Band number written incorrectly on sheet, changed -rz"
NZP_2017-05-06,2017-05-06,13:03,13:37,BH3,JLM,B,CACH,2750-41578,WY,KX,AHY,F,BP,1,9,59,48,15.23,NA,BP,NA,tail_NZP-DC-766,NA
NZP_2017-05-06,2017-05-06,13:05,13:45,BH4,JLM,B,WTSP,2661-07875,X,-,AHY,M,CP,2,29,66,69,23.05,NA,CP,NA,NA,NA
NZP_2017-05-06,2017-05-06,13:03,NA,BH3,JLM,B,SWTH,2661-07876,X,-,AHY,U,NA,1,36.4,100,69,29.24,NA,NA,NA,NA,NA
NZP_2017-05-06,2017-05-06,10:29,10:41,BH2,AKW,B,BHCO,2651-52156,X,-,AHY,F,NA,0.5,42.4,94,65,NA,NA,P,P,NA,NA
NZP_2017-05-06,2017-05-06,10:30,10:58,BH1,CQS,B,HOSP,2651-52157,X,-,AHY,M,NA,0.5,27.7,78,58,NA,N,P,NA,NA,NA
NZP_2017-05-06,2017-05-06,10:45,11:10,BH1,CQS,B,HOFI,2711-54848,WY,KX,AHY,M,CP,1,20.4,79,60,NA,N,"P, CP",NA,NA,NA
NZP_2017-05-06,2017-05-06,11:22,11:41,NA,DLM,B,NOCA,2651-52158,RY,YX,AHY,F,BP,0.5,39.8,85.5,95,NA,NA,"P, BP",P,NA,NA
NZP_2017-05-06,2017-05-06,11:20,11:34,BH3,DLM,R,WBNU,2711-54787,WB,MX,AHY,F,BP,0,19.3,89,46,NA,NA,BP,P,NA,NA
NZP_2017-05-06,2017-05-06,11:22,11:41,BH3,KLW,B,NOCA,2651-52159,WO,WX,AHY,F,BP,0.5,39.7,88,100,NA,NA,"P, BP",NA,NA,NA
NZP_2017-05-06,2017-05-06,11:22,NA,BH3,KLW,B,NOCA,2651-52160,RW,RX,AHY,F,BP,0,39.4,91.5,101,NA,NA,"P, BP",NA,NA,NA
NZP_2017-05-06,2017-05-06,11:37,12:10,BH1,DLM,B,HOSP,NA,OB,K,AHY,M,NA,0,25.2,79,94,NA,N,P,NA,NA,NA
NZP_2017-05-06,2017-05-06,12:04,12:12,BH1,KLW,B,NOCA,2651-52161,BR,OX,AHY,M,CP,0.5,38.9,93.5,101,NA,N,"P, CP",NA,NA,NA
NZP_2017-05-06,2017-05-06,13:12,13:17,BH1,BSE,B,WTSP,2711-54849,X,-,AHY,U,NA,2,29.4,76,66,NA,N,P,P,NA,NA
NZP_2017-05-06,2017-05-06,13:03,13:25,BH1,BSE,B,HOSP,NA,PB,P,AHY,F,BP,2,27.3,77,59,NA,N,BP,BP,tail_NZP-DC-751,NA
NZP_2017-05-12,2017-05-12,11:35,NA,NA,BSE,B,HOSP,NA,-,M,AHY,M,CP,NA,NA,76,50,18.19,NA,NA,NA,tail_NZP-DC-770,NA
NZP_2017-05-12,2017-05-12,11:35,NA,NA,BSE,R,CACH,2750-41578,WY,KX,NA,NA,NA,NA,NA,NA,NA,NA,NA,NA,NA,NA,NA
NZP_2017-05-12,2017-05-12,11:43,NA,NA,REZ,B,SOSP,2661-07877,X,-,AHY,M,CP,1,21.5,69,69.5,22.53,NA,NA,NA,tail_NZP-DC-771,CP++++++
NZP_2017-05-16,2017-05-16,9:46,10:30,BH3,REZ,B,CACH,2750-41579,KB,YX,AHY,M,CP,0.5,9.9,65,55,NA,NA,NA,NA,tail_NZP-DC-772,NA
NZP_2017-05-16,2017-05-16,9:33,10:35,BH4,REZ,B,HOSP,NA,PK,G,AHY,F,BP,0.5,23.9,75,49,16.02,NA,NA,NA,tail_NZP-DC-773,NA
NZP_2017-05-16,2017-05-16,9:42,NA,BH3,REZ,R,WBNU,2711-77168,-,X,AHY,F,BP,0.5,17.1,87,41.5,17.55,NA,NA,NA,tail_NZP-DC-775,NA
NZP_2017-05-16,2017-05-16,10:00,NA,BH4,REZ,B,SOSP,2661-07878,KB,YX,AHY,F,BP,2,21.6,63,63,21.21,NA,NA,NA,tail_NZP-DC-776,NA
NZP_2017-05-16,2017-05-16,9:55,10:58,BH1,REZ,B,HOSP,NA,YP,G,AHY,M,CP,0.5,24,79,54,18.23,NA,NA,NA,tail_NZP-DC-777,NA
NZP_2017-05-16,2017-05-16,NA,NA,BH2,NA,R,NOCA,991-78724,PP,X,NA,F,NA,NA,NA,NA,NA,NA,NA,NA,NA,NA,"recap, released"
NZP_2017-05-24,2017-05-24,8:30,9:15,BH3,JLM,B,HOSP,NA,PR,P,AHY,M,CP,0,28.4,79,55,19.76,NA,"P, CP",NA,tail_NZP-DC-780,NA
NZP_2017-05-24,2017-05-24,8:30,9:25,BH2,JLM,B,HOSP,NA,BO,K,AHY,F,BP,0,26.1,74,53,17.79,NA,"P, BP",NA,tail_NZP-DC-781,double color combo
NZP_2017-05-24,2017-05-24,8:43,9:40,BH1,JLM,B,HOFI,2661-07880,X,-,AHY,M,CP,1,20.7,80,60,17.53,NA,"P, CP",NA,tail_NZP-DC-782,NA
NZP_2017-06-02,2017-06-02,9:47,10:20,NA,REZ,B,HOSP,NA,PR,P,AHY,M,NA,0.5,27.5,79,59,18.89,NA,NA,NA,tail_NZP-DC-790,NA
NZP_2017-06-02,2017-06-02,9:54,10:30,NA,REZ,R,TUTI,2711-54789,WY,KX,AHY,F,BP,1,20.2,79.5,NA,19.52,NA,NA,NA,NA,Lost tail in bag
NZP_2017-06-02,2017-06-02,NA,11:33,NA,BSE,B,NOCA,2701-39061,PX,YY,HY,U,NA,0.5,39.5,84.5,83,23.6,NA,NA,NA,tail_NZP-DC-791,NA
NZP_2017-06-02,2017-06-02,11:25,11:47,NA,BSE,B,GRCA,2701-39062,GG,WX,AHY,M,CP,0.5,34.5,92.5,96,26.73,NA,NA,NA,tail_NZP-DC-795,Leaning to SY
NZP_2017-06-02,2017-06-02,11:25,11:52,NA,BSE,B,HOFI,2711-57738,X,-,AHY,F,BP,2,22.1,78,59.5,16.87,NA,NA,NA,tail_NZP-DC-811,NA
NZP_2017-06-02,2017-06-02,12:12,12:20,NA,REZ,B,HOFI,2711-57739,X,-,AHY,M,CP,0.5,21.8,79.5,60.5,17.31,NA,NA,NA,NA,NA
NZP_2017-06-02,2017-06-02,12:10,12:26,NA,REZ,R,HOSP,NA,G,BG,AHY,M,CP,2,26.5,73,53,17.74,NA,NA,NA,NA,NA
NZP_2017-06-02,2017-06-02,12:10,NA,NA,REZ,B,HOSP,NA,BO,K,AHY,F,BP,1,26.9,76,52,19.28,NA,NA,NA,tail_NZP-DC-812,double color combo
NZP_2017-06-09,2017-06-09,NA,NA,NA,REZ,B,HOFI,2661-07887,-,X,NA,NA,NA,NA,NA,NA,68,18,NA,NA,NA,NA,NA
NZP_2017-06-09,2017-06-09,NA,NA,NA,BSE,B,AMRO,1352-46153,-,X,AHY,F,BP,0.5,78,125,97,33.38,NA,NA,NA,NA,NA
NZP_2017-06-09,2017-06-09,NA,NA,NA,BSE,R,DOWO,2661-07872,-,X,AHY,F,BP,0,26.8,96,56,NA,NA,NA,NA,NA,NA
NZP_2017-06-09,2017-06-09,11:48,NA,NA,REZ,B,AMRO,1352-46154,-,X,AHY,M,CP,0.5,74.8,128.5,94,33.79,NA,NA,NA,NA,NA
NZP_2017-06-09,2017-06-09,11:45,NA,NA,REZ,R,WBNU,2711-77168,-,X,AHY,F,BP,1,17.8,87,44,19.32,NA,NA,NA,NA,NA
NZP_2017-06-09,2017-06-09,11:48,NA,NA,BSE,B,HOSP,NA,P,O,AHY,M,CP,0.5,26.9,78,NA,17.54,NA,NA,NA,tail_NZP-DC-830,feather snip
NZP_2017-06-09,2017-06-09,11:59,NA,NA,REZ,R,NOCA,2561-568?0,X,-,ASY,M,CP,0.5,43.3,96.5,101,24.86,NA,NA,NA,NA,"Originally written as band, not recap -RZ"
NZP_2017-06-09,2017-06-09,NA,NA,NA,NA,R,WBNU,2711-77167,-,X,NA,NA,NA,NA,NA,NA,NA,NA,NA,NA,NA,NA,NA
NZP_2017-06-09,2017-06-09,NA,NA,NA,NA,R,SOSP,2711-54800,WY,KX,NA,NA,NA,NA,NA,NA,NA,NA,NA,NA,NA,NA,NA
NZP_2017-06-09,2017-06-09,NA,NA,NA,NA,R,TUTI,2711-54789,WY,KX,NA,NA,NA,NA,NA,NA,NA,NA,NA,NA,NA,NA,NA
NZP_2017-06-02,2017-06-02,NA,NA,NA,NA,R,WBNU,2711-77167,-,X,NA,NA,NA,NA,NA,NA,NA,NA,NA,NA,NA,NA,NA
NZP_2017-06-13,2017-06-13,7:45,8:02,BH2,REZ,B,HOSP,NA,G,WY,AHY,F,BP,1,25.8,73.5,53,19.26,Y,P,BP,NA,Retrices in pin
NZP_2017-06-13,2017-06-13,7:45,8:12,BH2,REZ,B,HOSP,NA,R,BG,AHY,F,BP,1,21.3,72,52,16.76,N,P,P,NA,NA
NZP_2017-06-13,2017-06-13,7:45,8:16,BH2,REZ,B,HOSP,NA,M,WG,AHY,M,CP,0.5,23,75.5,53,16.53,N,P,P,NA,NA
NZP_2017-06-13,2017-06-13,7:45,8:21,BH1,REZ,B,HOSP,NA,M,WG,AHY,F,BP,0.5,25.1,74,52,19.38,N,P,BP,NA,NA
NZP_2017-06-13,2017-06-13,7:45,8:27,BH2,REZ,B,HOSP,NA,R,WB,HY,F,NA,0.5,23.1,70,NA,NA,Y,P,Molt,NA,"Wing in molt, tail a mess, not measured"
NZP_2017-06-13,2017-06-13,8:05,8:42,BH2,BSE,B,HOSP,NA,GY,M,AHY,M,CP,0.5,27.6,76,59.5,19.02,N,P,CP,NA,NA
NZP_2017-06-13,2017-06-13,8:05,8:46,BH1,REZ,B,HOFI,2711-57740,X,-,AHY,M,CP,1,20.4,79,63,17.67,N,P,CP,NA,NA
NZP_2017-06-13,2017-06-13,8:34,8:53,BH2,REZ,B,HOSP,NA,R,KB,AHY,F,BP,1,28.8,75,55.5,20.19,N,P,BP,NA,NA
NZP_2017-06-13,2017-06-13,8:34,8:59,BH2,BSE,B,HOSP,NA,MR,W,HY,U,NA,1,26.8,73.5,54,19.46,wing,NA,"P, S",NA,NA
NZP_2017-06-13,2017-06-13,8:34,9:03,BH2,BSE,B,HOSP,NA,RR,R,AHY,F,BP,0.5,23.7,71,50.5,19.1,N,BP,BP,NA,NA
NZP_2017-06-13,2017-06-13,9:38,10:02,BH2,REZ,B,SOSP,2711-57741,MX,MM,SY,F,BP,0.5,19.8,64,64,22.14,N,BP,RECTS,NA,"Faded BP, worried it could be J"
NZP_2017-06-13,2017-06-13,9:43,10:06,BH2,REZ,B,HOSP,NA,P,PP,AHY,F,BP,2,26,71,51,NA,N,BP,P,NA,NA
NZP_2017-06-13,2017-06-13,9:43,10:10,BH2,REZ,B,HOSP,NA,PB,B,NA,NA,NA,NA,25.6,NA,NA,NA,NA,NA,NA,NA,NA
NZP_2017-06-13,2017-06-13,9:43,10:13,BH2,REZ,B,HOSP,NA,PP,B,AHY,F,BP,1,28.5,76,54,19.12,N,BP,BP,NA,NA
NZP_2017-06-16,2017-06-16,9:42,9:58,BH1,REZ,B,HOFI,2661-07891,X,-,AHY,M,CP,3,21.7,78,56,19.01,NA,NA,NA,NA,NA
NZP_2017-06-16,2017-06-16,9:44,10:02,BH1,REZ,R,TUTI,2711-54781,-,X,AHY,F,BP,0.5,20.5,79.5,65,21.22,NA,NA,NA,NA,NA
NZP_2017-06-16,2017-06-16,9:45,10:08,BH1,REZ,R,NOCA,2701-39099,X,-,AHY,M,NA,0.5,40.7,96.5,104,23.44,NA,NA,NA,NA,NA
NZP_2017-06-16,2017-06-16,9:50,10:17,BH2,REZ,B,HOSP,NA,K,OR,AHY,F,BP,0.5,25.2,75,54,19.59,NA,NA,NA,NA,NA
NZP_2017-06-16,2017-06-16,9:50,10:24,BH2,REZ,B,HOSP,NA,O,KK,HY,F,NA,0.5,27.3,72,NA,18.02,Y,NA,NA,NA,"Tail, wing, body molt"
NZP_2017-06-16,2017-06-16,10:15,10:30,BH2,SMS,R,HOSP,NA,YP,G,AHY,M,CP,0,24.9,76.5,65,NA,NA,NA,NA,NA,NA
NZP_2017-06-16,2017-06-16,10:47,10:53,BH2,JLM,B,AMRO,1352-46155,BO,GX,AHY,F,BP,0.5,NA,122,90,34.15,NA,NA,NA,NA,NA
NZP_2017-06-16,2017-06-16,10:45,10:57,BH2,JLM,R,WBNU,2711-77168,-,X,AHY,F,BP,0,18,85,41,17.68,NA,NA,NA,NA,Tail measure R3
NZP_2017-06-16,2017-06-16,10:37,11:02,BH2,JLM,B,AMRO,1352-46156,GG,BX,AHY,F,BP,0,75.1,120,95,34.4,NA,NA,NA,tail_NZP-DC-829,NA
NZP_2017-06-16,2017-06-16,10:42,11:07,BH2,JLM,R,SOSP,2711-54800,WY,KX,AHY,M,CP,0,20.3,66,65,21.35,NA,NA,NA,NA,NA
NZP_2017-06-16,2017-06-16,10:40,11:11,BH2,JLM,R,HOSP,NA,PP,P,AHY,F,BP,0.5,25.3,69.5,49,17.6,NA,NA,NA,NA,NA
NZP_2017-06-16,2017-06-16,10:37,11:18,BH2,REZ,B,GRCA,2701-39088,WG,YX,NA,NA,NA,NA,35.2,91,100,NA,NA,NA,NA,NA,flew away before measurements taken. 
NZP_2017-06-16,2017-06-16,10:47,11:25,BH2,REZ,B,HOSP,NA,GO,G,AHY,F,BP,0.5,26.1,75,56,19.17,NA,NA,NA,NA,Missing tail feathers
NZP_2017-06-16,2017-06-16,11:06,11:35,BH2,REZ,B,HOSP,NA,RR,W,HY,M,NA,1,28.4,76.5,49,20.25,NA,NA,NA,NA,NA
NZP_2017-06-16,2017-06-16,11:06,11:43,BH2,REZ,B,HOSP,NA,RO,R,AHY,F,BP,2,27.6,77,49.5,19.47,NA,NA,NA,NA,NA
NZP_2017-06-16,2017-06-16,11:06,11:46,BH2,REZ,B,HOSP,NA,P,KP,AHY,F,BP,0.5,25.5,74,48.5,18.03,NA,NA,NA,NA,NA
NZP_2017-06-20,2017-06-20,NA,NA,NA,NA,NA,NA,2661-07892,NA,NA,NA,NA,NA,NA,NA,NA,NA,NA,NA,NA,NA,NA,Band lost
NZP_2017-06-20,2017-06-20,9:23,9:29,BH1,REZ,R,AMRO,1352-46151,RR,KX,AHY,F,BP,0.5,84.6,128,85.5,33.49,NA,NA,NA,NA,NA
NZP_2017-06-20,2017-06-20,9:18,9:34,BH1,REZ,B,HOFI,2661-07893,X,-,AHY,M,CP,1,19.5,80.5,58,16.58,NA,NA,NA,NA,NA
NZP_2017-06-20,2017-06-20,9:45,9:52,BH2,REZ,R,TUTI,2711-77655,X,-,NA,NA,NA,NA,NA,NA,NA,NA,NA,NA,NA,NA,NA
NZP_2017-06-20,2017-06-20,9:47,9:58,BH2,BSE,B,AMRO,1352-46157,GX,GB,HY,U,NA,0.5,73,128,95,34.85,NA,NA,NA,NA,NA
NZP_2017-06-20,2017-06-20,9:50,10:02,BH1,REZ,B,HOFI,2661-07894,X,-,AHY,M,CP,1,20,78,53,NA,NA,NA,NA,NA,NA
NZP_2017-06-20,2017-06-20,10:10,10:23,BH2,REZ,R,HOSP,NA,M,WG,AHY,F,BP,1,26.2,73,51,18.73,NA,NA,NA,NA,NA
NZP_2017-06-20,2017-06-20,10:10,10:35,BH2,REZ,B,HOSP,NA,Y,G,HY,U,NA,0.5,NA,76,49,17.82,NA,NA,NA,NA,NA
NZP_2017-06-20,2017-06-20,10:10,10:41,BH2,REZ,B,HOSP,NA,BW,M,AHY,F,BP,0.5,22.6,75.5,53,17.29,NA,NA,NA,NA,NA
NZP_2017-06-20,2017-06-20,10:47,11:02,BH2,REZ,B,NOCA,2701-39089,KX,YG,HY,M,NA,0.5,36.8,86,105,23.74,NA,NA,NA,NA,NA
NZP_2017-06-20,2017-06-20,10:45,11:10,BH2,REZ,B,HOSP,NA,MB,K,HY,U,NA,0.5,24.2,72,49,18.68,NA,NA,NA,NA,"Double color combo -- Fixed by replacing the color combo on 2017-09-15 (was MB,R)"
NZP_2017-06-20,2017-06-20,11:11,11:29,BH2,REZ,B,HOSP,NA,PB,M,HY,U,NA,1,23.5,71,47,19.1,NA,NA,NA,NA,NA
NZP_2017-06-23,2017-06-23,10:05,10:24,1C,REZ,B,COGR,1713-67208,X,-,AHY,U,NA,0,81.8,121,102,31.87,NA,NA,NA,NA,NA
NZP_2017-06-23,2017-06-23,10:06,10:30,1C,BSE,B,BLJA,1713-67211,X,-,ASY,M,CP,0.5,83,131,130,35.04,NA,NA,NA,NA,NA
NZP_2017-06-23,2017-06-23,10:59,11:20,1C,REZ,B,TUTI,2661-07895,PX,PP,HY,U,NA,1,21.3,79,71,19.23,NA,NA,NA,NA,NA
NZP_2017-06-24,2017-06-24,8:25,8:50,NA,TBR,B,BLJA,1603-45002,YW,BX,HY,U,NA,NA,NA,NA,NA,NA,NA,NA,NA,NA,Leg injury
NZP_2017-06-24,2017-06-24,9:18,10:00,NA,JLM,R,TUTI,2661-07868,X,-,AHY,F,BP,0,21,78,67,NA,NA,NA,NA,NA,NA
NZP_2017-06-24,2017-06-24,10:00,10:20,NA,JLM,B,NOCA,2701-90306,OB,OX,HY,U,NA,1,NA,85,87,NA,NA,NA,NA,NA,NA
NZP_2017-06-24,2017-06-24,10:00,10:20,NA,JLM,B,TUTI,2791-03501,X,-,HY,U,NA,0.5,NA,76,64,NA,NA,NA,NA,NA,NA
NZP_2017-06-24,2017-06-24,10:00,10:25,NA,JLM,B,AMRO,1342-74299,XG,R,SY,M,CP,0,70,116,90,NA,NA,NA,NA,NA,NA
NZP_2017-06-24,2017-06-24,10:00,10:31,NA,JLM,B,TUTI,2791-03502,X,-,HY,U,NA,1,NA,81,69,NA,NA,NA,NA,NA,NA
NZP_2017-06-24,2017-06-24,10:20,10:38,NA,JLM,B,HOFI,2791-03503,X,-,AHY,F,BP,0.5,22,73,54,NA,NA,NA,NA,NA,NA
NZP_2017-06-24,2017-06-24,10:30,10:45,NA,JLM,B,NOCA,2701-90307,WO,RX,HY,U,NA,0,39,80,91,NA,NA,NA,NA,NA,NA
NZP_2017-06-24,2017-06-24,8:27,8:55,1A,REZ,B,HOSP,NA,KP,R,AHY,F,BP,2,28.2,75,54,18.73,NA,NA,NA,NA,NA
NZP_2017-06-24,2017-06-24,9:10,NA,NA,REZ,B,TUTI,2661-07900,X,-,HY,U,NA,0.5,19.2,80,68,20,NA,NA,NA,NA,NA
NZP_2017-06-24,2017-06-24,9:10,10:00,NA,BSE,B,NOCA,2701-39090,GW,RX,HY,U,NA,0.5,37.3,87,93,23.2,NA,NA,NA,NA,NA
NZP_2017-06-24,2017-06-24,10:30,10:50,NA,REZ,R,HOFI,2741-54673,X,-,AHY,M,CP,1,20.9,79,55,16.27,NA,NA,NA,NA,NA
NZP_2017-06-24,2017-06-24,10:30,11:00,NA,REZ,B,TUTI,2741-54463,X,-,HY,U,NA,0.5,18.9,75,69,20.28,NA,NA,NA,NA,NA
NZP_2017-06-24,2017-06-24,10:30,11:07,NA,BSE,B,NOCA,2701-39091,WW,GX,HY,M,NA,0.5,33.4,89.5,94.5,23.38,NA,NA,NA,NA,NA
NZP_2017-06-27,2017-06-27,8:13,9:24,1A,REZ,B,HOSP,NA,GG,M,AHY,F,BP,0.5,26.8,76,54,18.18,NA,NA,NA,NA,NA
NZP_2017-06-27,2017-06-27,8:15,9:31,1B,REZ,B,HOFI,2741-54464,RR,KX,AHY,U,BP?,1,19.6,79,57.5,17.23,NA,NA,NA,NA,NA
NZP_2017-06-27,2017-06-27,8:55,9:51,1C,REZ,B,HOFI,2741-54465,YB,BX,AHY,M,CP,0.5,20.1,79,58.5,17.63,NA,NA,NA,NA,NA
NZP_2017-07-07,2017-07-07,9:30,9:47,1A,BSE,B,HOSP,NA,OK,P,AHY,M,CP,0.5,25,78,56,19.5,NA,NA,NA,NA,NA
NZP_2017-07-07,2017-07-07,9:34,9:51,2B,JLM,B,NOCA,2701-74702,GG,KX,HY,M,NA,2,44,85,97,20.9,NA,NA,NA,NA,NA
NZP_2017-07-07,2017-07-07,9:31,9:51,1A,BSE,B,HOSP,NA,OG,R,HY,U,NA,1,23,69,49,18.2,NA,NA,NA,NA,NA
NZP_2017-07-07,2017-07-07,9:32,9:55,2A,BSE,R,HOSP,NA,G,B,AHY,M,CP,0.5,27,76,55,18.55,NA,NA,NA,NA,NA
NZP_2017-07-07,2017-07-07,9:34,9:58,2B,BSE,B,HOSP,NA,YG,M,HY,U,NA,1,22,70,NA,17.2,NA,NA,NA,NA,Tail molting
NZP_2017-07-07,2017-07-07,9:34,10:01,2B,BSE,B,HOSP,NA,WR,P,HY,U,NA,2,27,76,50,NA,NA,NA,NA,NA,NA
NZP_2017-07-07,2017-07-07,9:34,10:04,2B,BSE,B,HOSP,NA,WP,B,AHY,F,BP,1,26,77,NA,NA,NA,NA,NA,NA,missing tail feathers
NZP_2017-07-07,2017-07-07,9:34,10:05,2B,BSE,R,HOSP,NA,MB,R,HY,U,NA,0.5,24,71.5,50,NA,NA,NA,NA,NA,NA
NZP_2017-07-07,2017-07-07,9:38,10:08,2B,BSE,B,HOSP,NA,WW,M,HY,U,NA,1,24,69.5,47.5,NA,NA,NA,NA,NA,NA
NZP_2017-07-07,2017-07-07,9:39,10:10,3A,BSE,B,HOSP,NA,OB,B,HY,M,NA,0.5,27,74,53,NA,NA,NA,NA,NA,NA
NZP_2017-07-07,2017-07-07,10:11,10:47,1A,REZ,B,HOSP,NA,B,GR,AHY,F,BP,1,26.9,75.5,55,19,NA,NA,NA,NA,NA
NZP_2017-07-07,2017-07-07,10:12,10:55,1A,REZ,B,HOSP,NA,W,RG,AHY,M,CP,0,24.3,79,53,16.7,NA,NA,NA,NA,NA
NZP_2017-07-07,2017-07-07,11:25,12:11,2A,REZ,B,HOSP,NA,MG,M,AHY,F,BP,1,27.4,76.5,54,19.4,NA,NA,NA,NA,NA
NZP_2017-07-07,2017-07-07,11:48,12:15,2A,REZ,R,GRCA,2641-96827,PX,BP,ASY,M,CP,0.5,35.8,92,95,NA,NA,NA,NA,NA,NA
NZP_2017-07-07,2017-07-07,11:40,12:21,NA,REZ,B,HOSP,NA,YG,O,AHY,M,CP,1,25.7,78,54,19.2,NA,NA,NA,NA,double color combo
NZP_2017-07-14,2017-07-14,8:55,9:11,4,JLM,B,HOSP,NA,PR,M,HY,U,NA,0,25,71,47,NA,NA,NA,NA,NA,full crop
NZP_2017-07-14,2017-07-14,8:55,9:13,4,JLM,B,HOSP,NA,YO,O,HY,U,NA,NA,28,73,NA,NA,NA,NA,NA,NA,Accidentally released 
NZP_2017-07-14,2017-07-14,9:00,9:16,2C,JLM,B,HOSP,NA,YG,O,HY,U,NA,0.5,27,75,50.5,19,NA,NA,NA,NA,double color combo
NZP_2017-07-14,2017-07-14,9:00,9:21,2C,JLM,B,HOSP,NA,GO,G,HY,U,NA,0.5,27,67,48,19,NA,NA,NA,NA,NA
NZP_2017-07-14,2017-07-14,9:00,9:23,1A,JLM,B,TUTI,2471-68203,YB,BX,HY,U,NA,0,18.9,76,66,19.9,NA,NA,NA,NA,NA
NZP_2017-07-14,2017-07-14,9:00,9:29,1A,JLM,R,HOSP,NA,R,KB,AHY,F,BP,0,26.2,75,56,NA,NA,NA,NA,NA,NA
NZP_2017-07-14,2017-07-14,9:11,9:32,2B,JLM,B,HOSP,NA,WP,G,HY,U,NA,0,26.9,72,NA,19.9,NA,NA,NA,NA,Tail broken
NZP_2017-07-14,2017-07-14,9:12,9:38,2C,JLM,B,HOSP,NA,GG,G,AHY,F,BP,0,25.8,72,NA,19.9,NA,NA,NA,NA,tail molting
NZP_2017-07-14,2017-07-14,9:12,9:41,2C,JLM,B,HOSP,NA,GK,P,AHY,F,BP,0.5,25.4,76,54,20,NA,NA,NA,NA,NA
NZP_2017-07-14,2017-07-14,9:12,9:43,2C,JLM,B,HOSP,NA,YG,G,HY,U,NA,0.5,25.3,72,NA,20,NA,NA,NA,NA,molting
NZP_2017-07-18,2017-07-18,9:56,10:15,1A,BSE,B,HOSP,NA,KB,Y,HY,U,NA,1,26.2,71,51,18.9,NA,NA,NA,NA,NA
NZP_2017-07-18,2017-07-18,10:00,10:37,2A,REZ,B,HOSP,NA,BO,G,AHY,F,BP,0.5,25.1,73,53,18.3,NA,NA,NA,NA,NA
NZP_2017-07-18,2017-07-18,10:00,10:43,2A,REZ,B,HOSP,NA,OO,O,HY,U,NA,1,27.4,74,45,19.5,NA,NA,NA,NA,NA
NZP_2017-07-18,2017-07-18,10:06,11:00,1A,REZ,B,DOWO,2471-68204,X,-,HY,U,NA,0.5,24.6,93.5,57.5,NA,NA,NA,NA,NA,NA
NZP_2017-07-18,2017-07-18,10:38,11:10,2C,BSE,B,SOSP,2471-68206,RY,YX,HY,U,NA,0.5,19.7,61,52,20.2,NA,NA,NA,NA,NA
NZP_2017-07-18,2017-07-18,10:26,11:43,2B,REZ,R,TUTI,2711-54789,WY,KX,HY,F?,NA,0.5,18.6,78,69,19.3,NA,NA,NA,NA,NA
NZP_2017-07-18,2017-07-18,10:21,11:48,2C,REZ,R,NOCA,2701-39089,KX,YG,HY,U,NA,NA,33.4,NA,NA,NA,NA,NA,NA,NA,NA
NZP_2017-07-18,2017-07-18,10:39,11:53,2C,REZ,B,HOSP,NA,OW,W,HY,F,NA,2,26,75,50,17.2,NA,NA,NA,NA,NA
NZP_2017-07-18,2017-07-18,NA,NA,1A,REZ,R,WBNU,2711-77167,-,X,NA,NA,NA,NA,NA,NA,NA,NA,NA,NA,NA,NA,Released before measurements. 
NZP_2017-07-26,2017-07-26,9:33,9:50,1C,REZ,B,NOCA,2701-74703,GG,BX,HY,U,NA,0.5,39.1,87,98,23.4,NA,NA,NA,NA,NA
NZP_2017-07-26,2017-07-26,9:35,9:51,1A,JLM,R,NOCA,791-17234,OX,PG,AHY,M,NA,0,41.8,92,93,20.45,NA,NA,NA,NA,"Banded at SMBC in 2012. Color band combo was different though ... was OX,W"
NZP_2017-07-26,2017-07-26,NA,9:56,NA,JLM,B,HOFI,2471-68207,X,-,AHY,M,NA,0.5,21.2,75,59,19.7,NA,NA,NA,NA,"molting L2, R2"
NZP_2017-07-26,2017-07-26,9:34,10:01,1C,REZ,B,DOWO,2471-68208,X,-,HY,U,NA,0.5,NA,89,64,17,NA,NA,NA,NA,NA
NZP_2017-07-26,2017-07-26,9:36,10:08,1C,REZ,B,HOSP,NA,GG,B,AHY,M,CP,1,27.2,77,54,19.2,NA,NA,NA,NA,NA
NZP_2017-07-26,2017-07-26,9:37,10:15,1C,REZ,B,HOFI,2471-68209,GM,YX,AHY,M,CP,1,21.8,78.5,59,17.4,NA,NA,NA,NA,NA
NZP_2017-07-26,2017-07-26,10:00,10:39,1C,REZ,B,HOFI,2741-54466,WB,MX,AHY,F,BP,0.5,19.8,81,59,16.9,NA,NA,NA,tail_NZP-DC-834,noData
NZP_2017-07-26,2017-07-26,10:08,10:44,1B,REZ,R,NOCA,2651-51887,OX,OO,AHY,F,BP,1,40.2,92,103,23,NA,NA,NA,NA,Color bands added
NZP_2017-07-26,2017-07-26,9:50,10:51,1C,REZ,B,RBWO,1352-46158,X,-,AHY,F,BP,0.5,71.9,130,66,NA,NA,NA,NA,NA,NA
NZP_2017-07-26,2017-07-26,11:32,11:52,1C,REZ,B,TUTI,2471-68210,GM,YX,HY,U,NA,1,19,76,63,18.3,NA,NA,NA,NA,NA
NZP_2017-07-26,2017-07-26,11:51,11:56,2A,REZ,B,WBNU,2471-68211,X,-,AHY,F,BP,0.5,NA,89,51,NA,NA,NA,NA,NA,NA
NZP_2017-07-26,2017-07-26,11:48,12:02,2C,REZ,B,NOCA,2701-74704,KB,KX,HY,U,NA,1,41.2,91,96,24.3,NA,NA,NA,NA,NA
NZP_2017-07-26,2017-07-26,12:01,12:11,1A,REZ,B,HOFI,2471-68212,YK,GX,AHY,F,BP,1,19.3,77,55,16.6,NA,NA,NA,NA,NA
NZP_2017-07-26,2017-07-26,12:02,12:17,2B,REZ,B,NOCA,2701-74705,OK,GX,HY,U,NA,0.5,37.4,85,91,22.4,NA,NA,NA,NA,NA
NZP_2017-07-26,2017-07-26,12:03,12:25,1A,REZ,B,HOFI,2471-68213,RY,YX,AHY,F,BP,1,20.4,75,55,17.1,NA,NA,NA,NA,NA
NZP_2017-07-26,2017-07-26,11:33,11:38,1C,NA,R,HOFI,2711-57738,X,-,NA,F,NA,NA,NA,NA,NA,NA,NA,NA,NA,NA,"Broken leg under the band, could not remove band, released."
NZP_2017-08-02,2017-08-02,9:37,9:58,1C,BSE,R,BLJA,1433-46271,RY,OX,ASY,NA,NA,NA,NA,NA,NA,NA,NA,NA,NA,NA,NA
NZP_2017-08-02,2017-08-02,9:13,10:05,1C,REZ,B,HOFI,2471-68214,X,-,U,F,NA,0.5,19.5,77,55,17.3,NA,NA,NA,NA,NA
NZP_2017-08-02,2017-08-02,9:32,10:09,2C,REZ,R,NOCA,2471-74703,GG,BX,HY,M,NA,0.5,38.6,86,95,23.2,NA,NA,NA,NA,NA
NZP_2017-08-02,2017-08-02,9:40,10:23,1C,REZ,B,HOFI,2471-68215,X,-,HY,M,NA,NA,20.1,NA,NA,NA,NA,NA,NA,NA,NA
NZP_2017-08-02,2017-08-02,9:51,10:30,1B,REZ,B,NOCA,2701-74706,X,-,HY,M,NA,0.5,38.4,88,90,22.85,NA,NA,NA,NA,NA
NZP_2017-08-02,2017-08-02,9:53,10:36,2B,REZ,B,HOSP,NA,WW,W,AHY,M,NA,1,27.3,75,57,19.1,NA,NA,NA,NA,NA
NZP_2017-08-02,2017-08-02,9:52,10:44,1C,REZ,B,HOFI,2471-68216,X,-,HY,U,NA,0.5,20.7,71,56,17,NA,NA,NA,NA,NA
NZP_2017-08-02,2017-08-02,9:53,10:51,1C,REZ,B,NOCA,2701-74707,X,-,HY,M,NA,0.5,41.1,90,102,24.7,NA,NA,NA,NA,NA
NZP_2017-08-02,2017-08-02,10:13,10:56,2C,REZ,B,NOCA,2701-74708,X,-,HY,U,NA,1,41.7,86,87,23.8,NA,NA,NA,NA,NA
NZP_2017-08-02,2017-08-02,10:40,11:02,2B,REZ,R,WBNU,2741-54668,P,X,AHY,F(?),NA,0.5,22,91,49,19,NA,NA,NA,NA,NA
NZP_2017-08-02,2017-08-02,10:16,11:10,1C,REZ,B,HOSP,NA,WW,P,HY,U,NA,1,25.6,77,53,18.8,NA,NA,NA,NA,NA
NZP_2017-08-02,2017-08-02,11:05,11:26,1B,REZ,B,HOSP,NA,Y,WK,AHY,F,BP,0.5,26.7,77,54,18.7,NA,NA,NA,NA,NA
NZP_2017-08-02,2017-08-02,11:28,11:45,1C,REZ,B,YSFL,1713-67170,X,-,AHY,M,BP,0,129.3,150+,102,NA,NA,NA,NA,NA,NA
NZP_2017-08-02,2017-08-02,11:29,11:51,1A,REZ,R,NOCA,2701-39091,WW,GX,HY,F,BP,0.5,38.3,88,89,24.5,NA,NA,NA,NA,NA
NZP_2017-08-02,2017-08-02,11:37,11:54,1B,REZ,B,NOCA,2701-74709,X,-,AHY,M,NA,NA,44.5,97,NA,NA,NA,NA,NA,NA,NA
NZP_2017-08-02,2017-08-02,11:32,11:59,2B,REZ,B,DOWO,2471-68217,X,-,HY,U,NA,0.5,24.9,88,54,NA,NA,NA,NA,NA,NA
NZP_2017-08-02,2017-08-02,12:02,12:20,1A,REZ,B,RBWO,1342-16601,X,-,SY,M,NA,0,78.5,127,70,NA,NA,NA,NA,NA,NA
NZP_2017-08-02,2017-08-02,12:01,12:26,2A,REZ,B,NOCA,2701-74710,X,-,AHY,F,NA,0.5,40.3,92,90.1,22.6,NA,NA,NA,NA,NA
NZP_2017-08-04,2017-08-04,1042,1052,1C,REZ,B,HOFI,2471-68218,X,-,AHY,F,BP,0.5,20.8,79,57,17.1,NA,NA,NA,tail_NZP-DC-835,Conjunctivitis
NZP_2017-08-04,2017-08-04,1043,1100,1C,BSE,B,GRCA,2701-74711,X,-,HY,U,NA,0.5,29.9,91,95,18.1,NA,NA,NA,tail_NZP-DC-836,Missing right eye
NZP_2017-08-04,2017-08-04,1040,1105,1C,REZ,R,TUTI,2471-68210,GM,YX,HY,U,NA,1,19,77,63,18.7,NA,NA,NA,NA,NA
NZP_2017-08-04,2017-08-04,1104,1116,1C,REZ,B,HOFI,2471-68219,X,-,AHY,F,BP,2,18.3,78.5,54,16.15,NA,NA,NA,tail_NZP-DC-837,NA
NZP_2017-08-04,2017-08-04,1111,1120,2B,REZ,B,HOFI,2471-68220,X,-,AHY,M,CP,0.5,21,79,60,17.7,NA,NA,NA,tail_NZP-DC-838,NA
NZP_2017-08-04,2017-08-04,1108,1134,1C,REZ,B,HOSP,NA,MK,R,AHY,M,NA,0.5,27.5,80,66,19.2,NA,NA,NA,tail_NZP-DC-839,NA
NZP_2017-08-04,2017-08-04,1158,1216,1C,REZ,B,HOFI,2471-68221,X,-,HY,F,NA,0.5,20.7,75,54.5,16.2,NA,NA,NA,tail_NZP-DC-840,NA
NZP_2017-08-09,2017-08-09,0955,0955,2B,NA,R,CACH,2750-64378,X,-,NA,NA,NA,NA,NA,NA,NA,NA,NA,NA,NA,NA,RELEASED
NZP_2017-08-09,2017-08-09,1006,1015,1C,REZ,R,NOCA,2701-74706,OX,KO,HY,M,NA,0.5,38.8,89,92,22.9,NA,NA,NA,NA,Color bands added
NZP_2017-08-09,2017-08-09,1005,1021,1C,REZ,R,WBNU,2741-54695,OO,OX,AHY,F,NA,0.5,19.5,88,47,17.75,NA,NA,NA,NA,Color bands added
NZP_2017-08-09,2017-08-09,1025,1031,1C,REZ,R,TUTI,NA,YX,YB,HY,U,NA,1,19.8,77,63,19.2,NA,NA,NA,NA,"Color bands added, released without writing down band number"
NZP_2017-08-09,2017-08-09,1007,1037,1C,REZ,B,HOSP,NA,W,OG,HY,U,NA,1,23.7,72,46,16.7,NA,NA,NA,tail_NZP-DC-841,
NZP_2017-08-09,2017-08-09,1018,1040,1A,REZ,R,HOFI,2471-68219,OX,RO,NA,NA,NA,NA,NA,NA,NA,NA,NA,NA,NA,NA,Color bands added
NZP_2017-08-09,2017-08-09,1033,1045,1A,REZ,B,HOFI,2471-68222,BX,GO,HY,M,NA,0.5,19.9,76,55,17.6,NA,NA,NA,tail_NZP-DC-842,NA
NZP_2017-08-09,2017-08-09,1104,1113,1C,REZ,B,TUTI,2471-68223,GX,GG,HY,U,NA,2,21.6,78,67,20.3,NA,NA,NA,tail_NZP-DC-843,NA
NZP_2017-08-09,2017-08-09,1058,1118,1C,REZ,R,TUTI,2791-03502,BX,YM,HY,U,NA,0.5,23.8,82,69,20.9,NA,NA,NA,NA,Color bands added
NZP_2017-08-09,2017-08-09,1055,1130,1A,REZ,B,HOFI,2471-68224,GX,KB,HY,U,NA,1,18.8,76.5,52,16,NA,NA,NA,tail_NZP-DC-844,NA
NZP_2017-08-09,2017-08-09,1105,1135,1A,REZ,R,CARW,2571-90159,RG,X,AHY,U,NA,1,19.8,62,53,20.4,NA,NA,NA,NA,Captured 2014
NZP_2017-08-09,2017-08-09,1103,1144,1C,REZ,B,HOFI,2471-68225,YX,YK,HY,U,NA,1,21.2,79,56.5,17.4,NA,NA,NA,tail_NZP-DC-845,NA
NZP_2017-08-09,2017-08-09,1140,1151,1A,REZ,B,HOFI,2471-68226,PX,PY,AHY,F,BP,1,21.9,75,NA,17.6,NA,NA,NA,tail_NZP-DC-846,"missing R1, L1"
NZP_2017-08-11,2017-08-11,959,1010,2B,REZ,R,HOFI,2471-68214,WX,KY,HY,U,NA,1,21.1,77,55,16.9,NA,NA,NA,NA,"Color bands added, recaptured @1145"
NZP_2017-08-11,2017-08-11,1015,1029,1C,REZ,R,TUTI,2471-68223,GX,GG,HY,U,NA,2,21.6,78,71,18.25,NA,NA,NA,NA,NA
NZP_2017-08-11,2017-08-11,1019,1040,1A,REZ,B,NOCA,2701-74712,OB,BX,AHY,F,BP,0.5,36.7,91,101,22.1,NA,NA,NA,NA,NA
NZP_2017-08-11,2017-08-11,1044,1054,1C,REZ,B,HOSP,NA,W,KY,HY,M,NA,1,28.3,75,NA,17.8,NA,NA,NA,NA,NA
NZP_2017-08-11,2017-08-11,1101,1115,1A,REZ,B,AMGO,2840-12268,X,Y,AHY,F,BP,0.5,12.8,67,38,NA,NA,NA,NA,tail_NZP-DC-847,NA
NZP_2017-08-11,2017-08-11,1105,1121,2B,REZ,R,NOCA,2701-74703,GG,BX,HY,M,NA,0.5,38.8,87,97.5,23.35,NA,NA,NA,NA,NA
NZP_2017-08-11,2017-08-11,1129,1141,2B,REZ,R,WBNU,2711-77196,WM,PX,AHY,F,NA,1,18,86,45,18.2,NA,NA,NA,NA,Color bands added
NZP_2017-08-11,2017-08-11,1135,1146,1C,REZ,B,HOFI,2471-68227,BX,BK,HY,M,NA,1,19.9,78,NA,16.8,NA,NA,NA,tail_NZP-DC-848,NA
NZP_2017-08-11,2017-08-11,1155,1214,2B,REZ,R,WBNU,2741-54677,WY,KX,AHY,F,NA,0.5,18.6,86,46.5,17.65,NA,NA,NA,NA,scaly skin on chest
NZP_2017-08-11,2017-08-11,1219,1225,2B,REZ,R,TUTI,2791-03501,YX,YB,HY,U,NA,1,20.4,76,NA,19.2,NA,NA,NA,NA,missing R1
NZP_2017-08-11,2017-08-11,1149,1231,1C,REZ,B,HOSP,NA,B,BK,HY,M,NA,1,25.7,76,NA,16.4,NA,NA,NA,NA,missing R1
NZP_2017-08-11,2017-08-11,1147,1240,1C,REZ,B,HOSP,NA,MB,R,HY,F,NA,0.5,25.2,73,NA,19.6,NA,NA,NA,NA,"missing R1, swollen back right toe, double band combo -- Fixed by replacing the color combo of the previous on 2017-09-15.  The other recaught individual (now MB,K) had no sign of of a toe injury."
NZP_2017-08-16,2017-08-16,932,947,2C,REZ,B,NOCA,2701-74713,RG,KX,AHY,F,NA,0.5,38.9,84,23,94,NA,NA,NA,NA,NA
NZP_2017-08-16,2017-08-16,936,958,2C,REZ,B,DOWO,2471-68228,X,-,SY,M,NA,0.5,26,94,NA,46.5,NA,NA,NA,NA,NA
NZP_2017-08-16,2017-08-16,1035,1046,2C,BSE,R,CACH,2750-41578,WY,KX,SY,U,NA,0.5,9.4,59,16.15,50.5,NA,NA,NA,NA,Listed as HY with possibility of SY but must be SY because it was caught as AHY in May. 
NZP_2017-08-16,2017-08-16,1035,1100,2B,REZ,B,NOCA,2701-74714,KG,GX,HY,M,NA,0.5,39,88,23.1,91,NA,NA,NA,NA,NA
NZP_2017-08-16,2017-08-16,1050,1120,2B,REZ,B,CACH,2840-12269,GK,KX,HY,U,NA,1,10.4,62,NA,15.9,NA,NA,NA,NA,tail growing in
NZP_2017-08-16,2017-08-16,1104,1138,2B,REZ,B,CACH,2840-12270,WB,YX,HY,U,NA,1,9.5,57,NA,15.3,NA,NA,NA,NA,tail growing in
NZP_2017-08-16,2017-08-16,1052,1141,2C,REZ,B,HOSP,NA,G,GP,HY,M,NA,0.5,26.2,75.5,NA,18.9,NA,NA,NA,NA,tail growing in
NZP_2017-08-16,2017-08-16,1104,1153,2B,REZ,B,DOWO,2471-68229,X,-,AHY,F,NA,0.5,24.2,91,16.65,51,NA,NA,NA,NA,NA
NZP_2017-08-16,2017-08-16,1106,1154,2B,BSE,B,WBNU,2471-68230,MX,BB,AHY,F,NA,0.5,19.1,89,47,18.9,NA,NA,NA,NA,NA
NZP_2017-08-16,2017-08-16,1108,1202,2B,REZ,B,HOFI,2471-68231,WX,MP,HY,U,NA,1,20.6,80,57,17.7,NA,NA,NA,NA,NA
NZP_2017-08-16,2017-08-16,1120,1201,1A,BSE,R,WBNU,2711-77167,RM,GX,AHY,F,NA,0.5,19.5,74.5,49,18.55,NA,NA,NA,NA,color bands added
NZP_2017-08-16,2017-08-16,1126,1214,2C,REZ,B,NOCA,2701-74715,BR,WX,HY,M,NA,0.5,41.3,87,90,23.45,NA,NA,NA,NA,NA - data proofed up to this entry
NZP_2017-08-18,2017-08-18,938,949,1C,REZ,B,CACH,2840-12271,KB,OX,HY,U,NA,0.5,8.2,59,52,NA,NA,NA,NA,NA,NA
NZP_2017-08-18,2017-08-18,932,959,1B,REZ,B,CARW,2471-68205,RR,OX,HY,U,NA,1,20.2,61,51,21.6,NA,NA,NA,NA,Used an out of sequence band
NZP_2017-08-18,2017-08-18,933,10:12,1C,REZ,B,GCFL,2471-68232,X,-,HY,U,NA,0.5,30.4,98.5,85,19.5,NA,NA,NA,tail_NZP-DC-849,NA
NZP_2017-08-18,2017-08-18,1046,1103,1C,REZ,B,NOCA,2701-74716,KW,WX,HY,M,NA,0.5,40.5,88.5,94,24.3,NA,NA,NA,tail_NZP-DC-850,NA
NZP_2017-08-18,2017-08-18,1051,1108,1A,REZ,R,WBNU,2741-54668,P,X,AHY,U,NA,0.5,21.4,93,51,18.7,NA,NA,NA,NA,NA
NZP_2017-08-18,2017-08-18,1051,1113,1A,REZ,R,WBNU,2741-54689,YB,BX,AHY,U,NA,1,21.4,94,50,18.45,NA,NA,NA,NA,NA
NZP_2017-08-18,2017-08-18,1053,1132,1B,REZ,R,WBNU,2711-77197,YK,GX,AHY,U,NA,0.5,18,85.5,46,18,NA,NA,NA,NA,Color bands added
NZP_2017-08-18,2017-08-18,1050,1131,1C,BSE,B,EUST,NA,-,Y,HY,U,NA,0.5,72.5,121.5,NA,29.9,NA,NA,NA,NA,NA
NZP_2017-08-18,2017-08-18,1121,1139,1B,REZ,B,BLJA,1713-67171,X,-,HY,U,NA,0.5,75.8,123,113,31.3,NA,NA,NA,NA,NA
NZP_2017-08-18,2017-08-18,1117,1139,1A,BSE,B,BLJA,1713-67172,X,-,HY,U,NA,1,77.6,127,121.5,31.85,NA,NA,NA,NA,NA
NZP_2017-08-18,2017-08-18,1048,1145,1C,REZ,B,HOSP,NA,R,PB,HY,M,NA,1,24.7,72,NA,18.95,NA,NA,NA,NA,missing tail feathers
NZP_2017-08-18,2017-08-18,1115,1149,2B,REZ,B,HOSP,NA,M,BB,HY,M,NA,1,27.4,78,54,19.9,NA,NA,NA,NA,NA
NZP_2017-08-18,2017-08-18,1122,1153,2A,REZ,B,HOSP,NA,GW,R,HY,U,NA,1,28.1,74.5,51,18.6,NA,NA,NA,NA,NA
NZP_2017-08-18,2017-08-18,1150,1200,2B,REZ,R,WBNU,2471-68211,YX,RY,AHY,F,NA,0.5,21.3,89,46,18.3,NA,NA,NA,NA,Color bands added
NZP_2017-08-18,2017-08-18,1213,1230,1A,REZ,B,AMGO,2840-12272,X,M,AHY,M,CP,0.5,12.1,71,42,12.8,NA,NA,NA,NA,NA
NZP_2017-08-18,2017-08-18,1220,1234,2A,REZ,R,NOCA,2701-74703,GG,BX,HY,M,NA,0.5,39.1,88,97,23.15,NA,NA,NA,NA,NA
NZP_2017-08-21,2017-08-21,1015,1045,1B,NA,R,TUTI,2711-54868,WB,MX,NA,NA,NA,NA,NA,NA,NA,NA,NA,NA,NA,tail_NZP-DC-740,NA
NZP_2017-08-21,2017-08-21,1019,1106,2A,REZ,B,GRCA,2701-92897,X,-,HY,U,NA,NA,38.6,NA,NA,27.95,NA,NA,NA,NA,NA
NZP_2017-08-21,2017-08-21,1055,1130,2B,REZ,R,DOWO,2471-68217,X,-,HY,M,NA,0.5,27.4,NA,52,17.3,NA,NA,NA,NA,red feather in pin on head
NZP_2017-08-21,2017-08-21,1055,1142,1B,REZ,B,WBNU,2741-54468,GX,GP,AHY,M,NA,0.5,19.7,91,48,17.6,NA,NA,NA,NA,NA
NZP_2017-08-21,2017-08-21,1055,1149,2B,REZ,R,DOWO,2741-54682,-,X,AHY,M,NA,0.5,24.7,89,54,16.9,NA,NA,NA,NA,"Changed age relative to paper record, this bird is actually an after hatch year"
NZP_2017-08-22,2017-08-22,810,828,2C,REZ,R,SOSP,2661-07878,KB,YX,AHY,F,BP,0.5,20.7,61.5,67,21.4,NA,NA,NA,NA,NA
NZP_2017-08-22,2017-08-22,830,839,3A,REZ,B,GRCA,2701-39093,XO,YR,HY,U,NA,0.5,36.6,88.5,90,26.6,NA,NA,NA,NA,NA
NZP_2017-08-22,2017-08-22,826,844,3A,REZ,B,GRCA,2701-39094,BR,XO,HY,U,NA,0.5,35.5,89,106,25.75,NA,NA,NA,NA,NA
NZP_2017-08-22,2017-08-22,826,847,3A,REZ,B,GRCA,2701-39095,XK,PR,HY,U,NA,0.5,36.8,88,86,26.7,NA,NA,NA,NA,NA
NZP_2017-08-23,2017-08-23,943,950,1A,REZ,R,WBNU,2741-54668,P,X,AHY,NA,NA,0.5,21.1,94,50.5,18.6,NA,NA,NA,NA,NA
NZP_2017-08-23,2017-08-23,943,959,1A,REZ,B,REVI,2840-12273,X,-,HY,U,NA,0.5,18.2,81,NA,17.35,NA,NA,NA,NA,R1 Growing in
NZP_2017-08-23,2017-08-23,1009,1014,1C,BSE,R,TUTI,2661-07868,WX,KY,HY,U,NA,0.5,21.4,79.5,72,19.95,NA,NA,NA,NA,Color bands added
NZP_2017-08-23,2017-08-23,1011,1015,2A,BSE,R,CARW,2471-68205,RR,OX,NA,NA,NA,NA,20.8,NA,NA,NA,NA,NA,NA,NA,NA
NZP_2017-08-23,2017-08-23,1003,1021,1C,REZ,B,TUTI,2471-68233,YK,GX,HY,U,NA,1,21.6,80,NA,19.9,NA,NA,NA,NA,Growing in tail feathers
NZP_2017-08-23,2017-08-23,1005,1032,1C,REZ,B,NOCA,2701-74717,YW,WX,HY,U,NA,0.5,43.2,88,98,24.15,NA,NA,NA,NA,May be adult F
NZP_2017-08-23,2017-08-23,943,1039,1C,KKH,B,HOSP,NA,BB,K,AHY,F,BP,0.5,22.4,75,55,19.5,NA,NA,NA,NA,Sharp keel
NZP_2017-08-23,2017-08-23,1005,1051,2C,REZ,R,WBNU,2711-77183,WO,WX,AHY,U,NA,0.5,19.4,91,NA,NA,NA,NA,NA,NA,"Color bands added, R1 growing in"
NZP_2017-08-23,2017-08-23,1024,1056,2A,REZ,R,NOCA,2421-04201,B,YX,AHY,F,NA,0.5,41.7,87,NA,23.3,NA,NA,NA,NA,Tail growing in 
NZP_2017-08-23,2017-08-23,1043,1104,2A,REZ,R,CACH,2750-41551,GG,BX,AHY,U,NA,1,10,65,56,15.9,NA,NA,NA,NA,Color bands added
NZP_2017-08-23,2017-08-23,1103,1113,1A,KKH,B,NOCA,2701-74718,GG,WX,HY,U,NA,0,NA,84,89,24,NA,NA,NA,NA,Broken leg (L) high break
NZP_2017-08-23,2017-08-23,1109,1116,2B,BSE,R,HOFI,2471-68219,OX,RO,NA,NA,NA,NA,19.3,NA,NA,NA,NA,NA,NA,NA,Injured toe
NZP_2017-08-23,2017-08-23,1126,1131,2B,BSE,R,NOCA,2701-90306,OB,OX,HY,M,NA,0.5,42.4,87,NA,24.1,NA,NA,NA,NA,NA
NZP_2017-08-23,2017-08-23,1128,1134,1B,BSE,B,HOSP,NA,WG,B,HY,M,NA,1,25.4,72,46.5,18.25,NA,NA,NA,NA,NA
NZP_2017-08-23,2017-08-23,1203,1221,2B,REZ,R,NOCA,2701-39091,WW,GX,HY,M,NA,0,39.9,89,98,24.35,NA,NA,NA,NA,Edit record
NZP_2017-08-23,2017-08-23,1204,1233,2B,REZ,B,CACH,2840-12274,GW,RX,HY,U,NA,1,9.3,59,48,15.25,NA,NA,NA,NA,NA
NZP_2017-08-23,2017-08-23,1212,1212,1A,NA,R,BLJA,1603-45005,-,-,NA,NA,NA,NA,NA,NA,NA,NA,NA,NA,NA,NA,"Had color bands, released"
NZP_2017-08-30,2017-08-30,939,949,2B,REZ,R,CACH,2750-41551,GG,BX,AHY,U,NA,0.5,10.1,65,56,15.6,NA,NA,NA,NA,"Tarsus rechecked by BSE, confident with this measurement"
NZP_2017-08-30,2017-08-30,939,956,1A,REZ,B,AMGO,2840-12275,OX,YG,AHY,M,CP,0.5,12.2,71,40,NA,NA,NA,NA,tail_NZP-DC-851,NA
NZP_2017-08-30,2017-08-30,1000,1007,1B,KKH,R,DOWO,2471-68217,X,-,HY,M,NA,0,27.4,94,55,NA,NA,NA,NA,NA,NA
NZP_2017-08-30,2017-08-30,1003,1014,1A,KKH,B,AMGO,2840-12276,WX,-,AHY,F,BP,0.5,13.5,71,45,NA,NA,NA,NA,tail_NZP-DC-852,NA
NZP_2017-08-30,2017-08-30,1000,1020,1C,KKH,B,HOSP,NA,O,YW,HY,U,NA,0.5,24.8,74,NA,19,NA,NA,NA,NA,"Missing tail feathers, may be injured."
NZP_2017-08-30,2017-08-30,1025,1033,2A,KKH,R,WBNU,2741-54668,P,X,AHY,U,NA,0,21.9,93,53,NA,NA,NA,NA,NA,NA
NZP_2017-08-30,2017-08-30,1027,1037,2B,KKH,R,CACH,2840-12274,GW,RX,HY,U,NA,0.5,8.9,59,50,NA,NA,NA,NA,NA,NA
NZP_2017-08-30,2017-08-30,1041,1050,2A,KKH,R,WBNU,2741-54695,OO,OX,AHY,F,NA,NA,19.9,90,48.5,NA,NA,NA,NA,NA,NA
NZP_2017-08-30,2017-08-30,1040,1056,1C,KKH,B,NOCA,2701-74719,KX,OK,HY,M,NA,0.5,43.1,90,99,NA,NA,NA,NA,NA,NA
NZP_2017-08-30,2017-08-30,1048,1058,2A,KKH,R,WBNU,2711-77169,BW,RX,AHY,U,NA,0.5,19.9,89.5,47.5,NA,NA,NA,NA,NA,Added color bands
NZP_2017-08-30,2017-08-30,1041,1110,1C,KKH,R,DOWO,2741-54682,-,X,AHY,M,NA,0.5,24.7,91,55,NA,NA,NA,NA,NA,NA
NZP_2017-08-30,2017-08-30,1104,1114,1C,KKH,B,HOSP,NA,R,KP,HY,M,NA,0.5,25.7,73,NA,NA,NA,NA,NA,NA,NA
NZP_2017-08-30,2017-08-30,1116,1132,1B,REZ,B,YSFL,1713-67173,X,-,HY,M,NA,0.5,103.5,139,107,NA,NA,NA,NA,NA,NA
NZP_2017-08-30,2017-08-30,1120,1135,2A,KKH,R,HOSP,NA,GW,R,HY,M,NA,0.5,27.9,74,NA,NA,NA,NA,NA,NA,NA
NZP_2017-08-30,2017-08-30,1147,1154,1A,REZ,B,EUST,NA,Y,GM,U,M,NA,0.5,76.7,127,61,28.25,NA,NA,NA,NA,NA
NZP_2017-09-01,2017-09-01,950,1005,2C,BSE,R,NOCA,2701-74713,RG,KX,AHY,F,NA,0.5,40.3,89.9,NA,NA,NA,NA,NA,NA,Tail in molt
NZP_2017-09-01,2017-09-01,953,1014,2B,REZ,R,SOSP,2661-07878,KB,YX,AHY,F,BP,1,19.7,61,64,20.9,NA,NA,NA,NA,NA
NZP_2017-09-01,2017-09-01,958,1020,2A,REZ,B,HOSP,NA,YP,G,HY,U,NA,0.5,26.3,75,NA,17.75,NA,NA,NA,NA,"Tail growing in, leg strain (not broken)"
NZP_2017-09-01,2017-09-01,1001,1024,2A,REZ,B,HOSP,NA,O,PB,HY,U,NA,0.5,26.8,71.5,53,19,NA,NA,NA,NA,NA
NZP_2017-09-01,2017-09-01,1027,1042,1A,BSE,R,HOSP,NA,O,KK,HY,F,NA,1,27.2,73,54.5,NA,NA,NA,NA,NA,NA
NZP_2017-09-01,2017-09-01,1034,1056,2A,REZ,B,VEER,2471-68234,X,-,AHY,U,NA,1,31.5,100,69,29.2,NA,NA,NA,NA,NA
NZP_2017-09-01,2017-09-01,1042,1104,2B,REZ,R,DOWO,2471-68229,X,-,AHY,F,NA,0.5,26.8,94,54,16.15,NA,NA,NA,NA,NA
NZP_2017-09-01,2017-09-01,1035,1118,2B,BSE,R,WBNU,2711-77168,KB,KX,AHY,U,NA,0.5,18.6,87,44,15.7,NA,NA,NA,NA,Color bands added
NZP_2017-09-01,2017-09-01,1111,1124,2B,BSE,R,DOWO,2471-68228,X,-,SY,M,NA,0.5,26,94,59,NA,NA,NA,NA,NA,NA
NZP_2017-09-01,2017-09-01,1100,1137,1A,REZ,B,OVEN,2840-12277,X,-,HY,U,NA,2,24,75,51,22.25,NA,NA,NA,tail_NZP-DC-853,NA
NZP_2017-09-01,2017-09-01,1107,1146,2B,REZ,R,WBNU,2741-54468,GX,GP,U,U,NA,0.5,20.5,91,48.5,18,NA,NA,NA,NA,NA
NZP_2017-09-01,2017-09-01,1031,1140,2C,NA,R,HOSP,NA,PB,B,NA,NA,NA,NA,NA,NA,NA,NA,NA,NA,NA,NA,Released
NZP_2017-09-01,2017-09-01,1150,1201,2C,REZ,B,WBNU,2471-68235,WX,OW,AHY,U,NA,0.5,19.9,87,44,17.8,NA,NA,NA,NA,NA
NZP_2017-09-01,2017-09-01,1110,1204,2A,REZ,B,HOSP,NA,Y,GR,HY,F,NA,1,24.9,71,49,NA,NA,NA,NA,NA,NA
NZP_2017-09-01,2017-09-01,1115,1209,2A,REZ,B,HOSP,NA,R,OY,HY,M,NA,0.5,21.8,74,45,18.1,NA,NA,NA,NA,NA
NZP_2017-09-01,2017-09-01,1128,1213,1A,REZ,B,HOSP,NA,O,BY,HY,M,NA,0.5,27,79,56,19.15,NA,NA,NA,NA,NA
NZP_2017-09-01,2017-09-01,1150,1220,1A,REZ,B,HOSP,NA,MG,M,HY,U,NA,0.5,22.5,76,49,18.8,NA,NA,NA,NA,NA
NZP_2017-09-01,2017-09-01,1217,1224,2B,REZ,R,WBNU,2711-54787,WB,MX,AHY,U,NA,0.5,19.8,91,47.5,18.5,NA,NA,NA,NA,NA
NZP_2017-09-01,2017-09-01,1230,1234,2A,REZ,R,DOWO,2471-68229,X,-,NA,NA,NA,NA,NA,NA,NA,NA,NA,NA,NA,NA,Repeat
NZP_2017-09-01,2017-09-01,1212,1241,1A,REZ,B,HOSP,NA,W,GY,HY,F,NA,0.5,25.8,74,54,19.1,NA,NA,NA,NA,NA
NZP_2017-09-06,2017-09-06,937,949,1A,BSE,B,HOFI,2741-54469,X,-,HY,M,NA,1,17.5,78.5,59.5,NA,NA,NA,NA,NA,Growth on toe; sharp keel
NZP_2017-09-06,2017-09-06,942,953,2A,REZ,R,NOCA,2701-74716,KW,WX,HY,M,NA,0.5,43.1,91,NA,NA,NA,NA,NA,NA,NA
NZP_2017-09-06,2017-09-06,1021,1025,1A,REZ,R,AMGO,2840-12276,WX,-,AHY,F,BP,0.5,13,71,43,NA,NA,NA,NA,NA,NA
NZP_2017-09-06,2017-09-06,1042,1104,1C,REZ,B,HOFI,2741-54470,X,-,HY,F,NA,0.5,19,73,69,NA,NA,NA,NA,NA,NA
NZP_2017-09-06,2017-09-06,1046,1109,1A,REZ,B,HOFI,2741-54471,GX,GO,HY,M,NA,0.5,20.9,78,57,18.3,NA,NA,NA,NA,NA
NZP_2017-09-06,2017-09-06,1044,1111,1C,REZ,R,WBNU,2711-77183,WO,WX,NA,NA,NA,NA,23.6,NA,NA,NA,NA,NA,NA,NA,released
NZP_2017-09-06,2017-09-06,1047,1114,1A,REZ,B,AMGO,2750-41595,X,-,AHY,M,NA,0.5,13.9,74,41,NA,NA,NA,NA,NA,NA
NZP_2017-09-06,2017-09-06,1049,1115,1A,BSE,R,NOCA,2701-74705,OK,GX,HY,F,NA,0.5,38.6,87,NA,NA,NA,NA,NA,NA,NA
NZP_2017-09-06,2017-09-06,1050,1119,1A,REZ,B,NOCA,2701-39096,BX,-,HY,M,NA,0.5,43.8,89,94,NA,NA,NA,NA,NA,Old break on right leg (healed over)
NZP_2017-09-15,2017-09-15,934,945,2A,REZ,B,NOCA,2701-74720,MX,GG,HY,M,NA,0.5,40.1,88,89,24.65,NA,NA,NA,NA,NA
NZP_2017-09-15,2017-09-15,955,1006,1C,REZ,R,HOSP,NA,B,BK,HY,M,NA,0.5,25.1,78.5,56,15.35,NA,NA,NA,NA,NA
NZP_2017-09-15,2017-09-15,1044,1045,2A,NA,R,WBNU,2711-77184,-,X,NA,NA,NA,NA,NA,NA,NA,NA,NA,NA,NA,NA,"Released, long extraction"
NZP_2017-09-15,2017-09-15,1041,1052,2A,REZ,R,HOSP,NA,MB,K,HY,F,NA,1,26.3,77.5,54,19.25,NA,NA,NA,NA,"Color combo changed from MB, R"
NZP_2017-09-15,2017-09-15,1035,1057,1C,REZ,B,HOSP,NA,YP,B,HY,M,NA,0.5,23.5,76,55,18.2,NA,NA,NA,NA,NA
NZP_2017-09-15,2017-09-15,1127,1135,1B,REZ,R,WBNU,2741-54677,WY,KX,AHY,F,NA,0.5,19.2,87.5,55,18.2,NA,NA,NA,NA,NA
NZP_2017-09-27,2017-09-27,937,951,1C,REZ,B,TUTI,2471-68236,GX,PY,HY,U,NA,0.5,20.6,77,69,19.2,NA,NA,NA,NA,NA
NZP_2017-09-27,2017-09-27,943,1000,1C,REZ,B,CARW,2471-68237,RX,MW,HY,U,NA,1,19.5,59,NA,22.1,NA,NA,NA,NA,NA
NZP_2017-09-27,2017-09-27,942,1005,1C,REZ,B,TUTI,2471-68238,YX,KR,HY,U,NA,0.5,20.3,78.5,NA,20.25,NA,NA,NA,NA,NA
NZP_2017-09-27,2017-09-27,939,1011,1C,REZ,B,BAWW,2840-12278,X,-,HY,M,NA,1,11.6,72,51,18.5,NA,NA,NA,tail_NZP-DC-854,NA
NZP_2017-09-27,2017-09-27,1041,1049,2A,REZ,R,NOCA,2701-39096,BX,-,HY,M,NA,0.5,38.6,89,95,NA,NA,NA,NA,NA,"Left foot swollen, Right leg healed break, replaced blue band, sharp keel"
NZP_2017-09-27,2017-09-27,1040,1055,2A,REZ,R,NOCA,2701-74704,KB,KX,AHY,F,NA,NA,43.1,92,100,25,NA,NA,NA,NA,NA
NZP_2017-09-27,2017-09-27,1159,1206,2A,REZ,R,WBNU,2741-54668,P,X,AHY,U,NA,0.5,20.8,94,51,19.2,NA,NA,NA,NA,NA
NZP_2017-10-07,2017-10-07,850,NA,1,REZ,B,TUTI,2741-54472,X,KO,AHY,U,NA,0,21.2,83,72.5,NA,NA,NA,NA,tail_NZP-DC-855,NA
NZP_2017-10-07,2017-10-07,937,NA,1,REZ,B,GCTH,2741-54473,X,-,HY,U,NA,3,NA,104,71,NA,NA,NA,NA,tail_NZP-DC-856,NA
NZP_2017-10-07,2017-10-07,950,NA,2,REZ,B,NOCA,2701-74721,X,-,AHY,M,NA,T,46.5,99,115,NA,NA,NA,NA,tail_NZP-DC-857,NA
NZP_2017-10-07,2017-10-07,1042,NA,NA,REZ,B,CARW,2741-54474,X,-,AHY,U,NA,1,20.3,60,53,NA,NA,NA,NA,NA,NA
NZP_2017-10-07,2017-10-07,1105,NA,4,REZ,B,BLJA,1713-67212,X,-,HY,U,NA,T,96.2,135,128.5,NA,NA,NA,NA,NA,NA
NZP_2017-10-07,2017-10-07,1208,NA,5,REZ,B,YPWA,2750-41597,X,-,AHY,U,NA,1,11.7,65,52,NA,NA,NA,NA,tail_NZP-DC-858,NA
NZP_2017-10-07,2017-10-07,1210,NA,5,REZ,B,NOCA,2701-74722,X,-,AHY,F,NA,T,44.1,89,94,NA,NA,NA,NA,NA,NA
NZP_2017-10-13,2017-10-13,1031,1041,2B,REZ,B,CARW,2471-68239,YX,BG,AHY,U,NA,1,18.8,55.5,49,19.65,NA,NA,NA,tail_NZP-DC-859,NA
NZP_2017-10-13,2017-10-13,1051,1101,1C,REZ,B,CACH,2840-12279,WX,KO,HY,U,NA,T,8.9,57,51,NA,NA,NA,NA,NA,Missing part of middle front toe on right
NZP_2017-10-13,2017-10-13,1149,1157,2A,REZ,R,NOCA,2701-39096,BX,-,HY,M,NA,T,40.9,90,95,NA,NA,NA,NA,NA,"left foot swollen appears worse, photo taken"
NZP_2017-10-17,2017-10-17,855,NA,3C,REZ,B,SOSP,2741-54475,RX,RO,HY,U,NA,T,20.5,66,67,NA,NA,NA,NA,tail_NZP-DC-861,NA
NZP_2017-10-17,2017-10-17,912,920,2A,REZ,R,CACH,2840-12279,WX,KO,HY,U,NA,T,8.9,57,51,NA,NA,NA,NA,NA,NA
NZP_2017-10-17,2017-10-17,946,NA,3C,REZ,B,NOMO,1352-46159,MX,MY,HY,U,NA,T,43.2,108,114,NA,NA,NA,NA,tail_NZP-DC-860,NA
NZP_2017-10-18,2017-10-18,913,920,2A,BSE,B,WTSP,2471-68240,WX,YY,U,M,NA,1,24.9,73,NA,NA,NA,NA,NA,NA,NA
NZP_2017-10-18,2017-10-18,913,926,2A,REZ,B,WTSP,2471-68241,YX,BG,AHY,U,NA,T,21.6,69,65,NA,NA,NA,NA,tail_NZP-DC-862,NA
NZP_2017-10-18,2017-10-18,918,939,2A,REZ,B,WTSP,2471-68242,OX,PB,HY,M,NA,1,25.6,77,74,NA,NA,NA,NA,tail_NZP-DC-863,NA
NZP_2017-10-18,2017-10-18,957,1005,3D,REZ,B,NOCA,2701-39097,GX,WB,AHY,F,NA,T,40.3,92.5,99.5,NA,NA,NA,NA,tail_NZP-DC-864,NA
NZP_2017-10-20,2017-10-20,933,944,1C,REZ,B,WTSP,2471-68243,YX,KR,HY,M,NA,T,26.8,76.5,75,NA,NA,NA,NA,tail_NZP-DC-865,NA
NZP_2017-11-01,2017-11-01,950,955,3C,BSE,R,WTSP,2741-54684,G,X,AHY,M,NA,T,25.6,79,72,NA,NA,NA,NA,NA,NA
NZP_2017-11-01,2017-11-01,926,1010,3D,REZ,B,DEJU,2840-12280,GX,GP,HY,U,NA,1,16.8,74,64,NA,NA,NA,NA,tail_NZP-DC-866,NA
NZP_2017-11-01,2017-11-01,928,1016,3D,REZ,B,DEJU,2840-12281,YX,GB,HY,U,NA,T,19,75,60.5,NA,NA,NA,NA,tail_NZP-DC-867,tick on right eye
NZP_2017-11-01,2017-11-01,945,1026,3A,REZ,R,TUTI,2741-54463,BX,GG,HY,U,NA,T,19.2,79,71,NA,NA,NA,NA,NA,color bands added
NZP_2017-11-01,2017-11-01,946,1030,3A,REZ,B,HOSP,NA,G,YM,HY,M,NA,0,26.2,77,56.5,NA,NA,NA,NA,tail_NZP-DC-868,NA
NZP_2017-11-01,2017-11-01,948,1036,3D,REZ,B,NOCA,2701-39100,PX,MG,AHY,F,NA,T,43.5,90.5,97.5,NA,NA,NA,NA,tail_NZP-DC-869,NA
NZP_2017-11-01,2017-11-01,958,1045,1C,REZ,B,SOSP,2471-68244,GX,GM,HY,U,NA,1,20,65,65,NA,NA,NA,NA,tail_NZP-DC-870,NA
NZP_2017-11-01,2017-11-01,1000,1055,1C,REZ,B,HOFI,2471-68245,RX,BB,AHY,F,NA,T,19.5,76,56,NA,NA,NA,NA,tail_NZP-DC-871,NA
NZP_2017-11-01,2017-11-01,1021,1057,2A,REZ,R,CARW,2571-90159,RG,X,NA,NA,NA,NA,NA,NA,NA,NA,NA,NA,NA,NA,NA
NZP_2017-11-03,2017-11-03,1034,1043,2A,REZ,B,WTSP,2471-68246,MX,WP,HY,U,NA,T,25.9,73,70,NA,NA,NA,NA,tail_NZP-DC-872,tan morph
NZP_2017-11-08,2017-11-08,901,911,3C,REZ,B,SOSP,2471-68247,MX,RW,HY,U,NA,0,20.9,64,63,NA,NA,NA,NA,tail_NZP-DC-873,NA
NZP_2017-11-08,2017-11-08,902,916,3C,REZ,B,WTSP,2471-68248,KX,PM,HY,M,NA,T,27.1,77,78.5,NA,NA,NA,NA,tail_NZP-DC-874,NA
NZP_2017-11-08,2017-11-08,857,920,3C,REZ,B,HOSP,NA,KR,P,HY,M,NA,T,23.7,77,48,NA,NA,NA,NA,tail_NZP-DC-875,NA
NZP_2017-11-08,2017-11-08,930,938,3B,REZ,B,NOCA,2701-74723,OX,WY,AHY,F,NA,T,42.1,90,95,NA,NA,NA,NA,tail_NZP-DC-876,NA
NZP_2017-11-08,2017-11-08,943,959,1C,REZ,B,DEJU,2840-12282,RX,YP,U,U,NA,1,18.8,73,62,NA,NA,NA,NA,NA,NA
NZP_2017-11-08,2017-11-08,1007,1019,1C,REZ,B,WTSP,2471-68249,MX,KP,HY,U,NA,T,26.7,72,68.5,NA,NA,NA,NA,tail_NZP-DC-877,NA
NZP_2017-11-08,2017-11-08,1008,1019,3D,BSE,B,WTSP,2471-68250,GX,OK,AHY,U,NA,T,24.2,70,67,NA,NA,NA,NA,tail_NZP-DC-878,NA
NZP_2017-11-08,2017-11-08,1011,1022,3D,REZ,R,SOSP,2471-68244,GX,GM,HY,U,NA,T,20.5,66,67,NA,NA,NA,NA,NA,NA
NZP_2017-11-08,2017-11-08,1026,1037,3D,REZ,B,WTSP,2471-68251,PX,MG,HY,U,NA,T,25.1,71,70,NA,NA,NA,NA,tail_NZP-DC-879,NA
NZP_2017-11-08,2017-11-08,1007,1041,3C,REZ,R,HOSP,NA,W,OG,HY,F,NA,2,NA,74.5,54,NA,NA,NA,NA,NA,NA
NZP_2017-11-15,2017-11-15,924,934,3C,REZ,B,HOSP,NA,PK,K,HY,M,NA,1,26.6,78,55,NA,NA,NA,NA,tail_NZP-DC-880,NA
NZP_2017-11-15,2017-11-15,945,954,3C,REZ,B,HOSP,NA,K,PB,HY,F,NA,T,26.3,76,51,NA,NA,NA,NA,NA,NA
NZP_2017-11-17,2017-11-17,927,944,1C,REZ,R,CACH,2840-12279,WX,KO,HY,U,NA,1,8.8,58,NA,NA,NA,NA,NA,NA,Rt tail molting
NZP_2017-11-17,2017-11-17,947,1007,1A,REZ,B,YSFL,1713-67174,X,-,AHY,M,NA,T,126.4,150+,115,NA,NA,NA,NA,NA,NA
NZP_2017-11-17,2017-11-17,949,1002,1A,REZ,R,YSFL,1713-67173,X,-,AHY,F,NA,T,116.7,150+,109,NA,NA,NA,NA,NA,NA
NZP_2017-11-17,2017-11-17,1045,1112,1C,REZ,B,BHCO,2701-74724,X,-,AHY,M,NA,T,44.7,105,73,NA,NA,NA,NA,NA,NA
NZP_2017-11-17,2017-11-17,1101,1118,2A,REZ,B,WTSP,2471-68252,RX,YG,AHY,M,NA,1,27.6,74,70,NA,NA,NA,NA,tail_NZP-DC-881,NA
NZP_2017-11-17,2017-11-17,1103,1128,2A,REZ,B,DEJU,2840-12283,RX,RR,AHY,F,NA,T,17.7,75,58,NA,NA,NA,NA,tail_NZP-DC-883,NA
NZP_2017-12-08,2017-12-08,922,956,3D,REZ,B,WTSP,2471-68254,WX,KK,HY,M,NA,T,28.2,75,74,NA,NA,NA,NA,tail_NZP-DC-903,NA
NZP_2017-12-08,2017-12-08,930,958,2A,REZ,B,WTSP,2471-68255,GX,OR,HY,U,NA,T,22.6,72,73,NA,NA,NA,NA,tail_NZP-DC-904,NA
NZP_2017-12-08,2017-12-08,930,1004,1C,REZ,B,AMGO,2840-12290,X,B,HY,M,NA,T,NA,72.5,43,NA,NA,NA,NA,tail_NZP-DC-905,NA
NZP_2017-12-08,2017-12-08,929,1011,1C,REZ,B,WTSP,2471-68256,MX,MB,AHY,M,NA,1,27.2,75.5,77,NA,NA,NA,NA,tail_NZP-DC-902,NA
NZP_2017-12-08,2017-12-08,929,1017,1C,REZ,B,WTSP,2471-68257,WX,OB,HY,U,NA,T,25.9,71,69,NA,NA,NA,NA,tail_NZP-DC-901,NA
NZP_2017-12-08,2017-12-08,931,1019,1C,REZ,R,WBNU,2471-68235,WX,OW,AHY,U,NA,1,19.1,86,43,NA,NA,NA,NA,NA,NA
NZP_2017-12-08,2017-12-08,935,1024,1C,REZ,R,CACH,2750-41552,PP,BX,ASY,U,NA,T,9.5,63,54,NA,NA,NA,NA,NA,color bands added
NZP_2017-12-08,2017-12-08,939,1028,1A,REZ,B,DEJU,2840-12291,BX,WB,HY,U,NA,T,18,74,61.5,NA,NA,NA,NA,tail_NZP-DC-900,"lump on face, R side"
NZP_2017-12-08,2017-12-08,940,1032,1A,REZ,B,DEJU,2840-12292,WX,GG,U,U,NA,T,19.5,76,62,NA,NA,NA,NA,tail_NZP-DC-899,NA
NZP_2017-12-08,2017-12-08,942,1035,1A,REZ,B,AMGO,2840-12293,X,P,HY,U,NA,1,13,73,43,NA,NA,NA,NA,tail_NZP-DC-898,NA
NZP_2017-12-08,2017-12-08,944,1040,1A,REZ,B,DEJU,2840-12294,WX,YR,HY,U,NA,1,17.5,74.5,62.5,NA,NA,NA,NA,tail_NZP-DC-897,NA
NZP_2017-12-08,2017-12-08,950,1105,3B,REZ,B,CACH,2840-12295,RX,KB,U,U,NA,T,9.1,59,52,NA,NA,NA,NA,tail_NZP-DC-896,NA
NZP_2017-12-08,2017-12-08,1044,1115,3B,REZ,B,WBNU,2471-68258,GX,MW,AHY,F,NA,1,20.8,89,44,NA,NA,NA,NA,tail_NZP-DC-895,NA
NZP_2017-12-08,2017-12-08,1049,1120,1A,REZ,B,DEJU,2840-12296,OX,PB,AHY,U,NA,T,19.1,88,66,NA,NA,NA,NA,tail_NZP-DC-894,NA
NZP_2017-12-08,2017-12-08,1047,1125,1C,REZ,B,HOFI,2471-68259,GX,GB,AHY,M,NA,T,21.1,78,NA,NA,NA,NA,NA,NA,half of rectrices missing
NZP_2017-12-08,2017-12-08,1053,1130,2A,REZ,R,DEJU,2750-64385,YK,PX,AHY,U,NA,T,19.2,75,62,NA,NA,NA,NA,NA,female? color bands added
NZP_2017-12-08,2017-12-08,1049,1134,1C,REZ,B,HOFI,2471-68260,YX,WB,U,F,NA,1,18.9,76,56,NA,NA,NA,NA,NA,NA
NZP_2017-12-08,2017-12-08,1050,1139,1A,REZ,B,AMGO,2840-12297,X,R,U,U,NA,T,13.6,73,43.5,NA,NA,NA,NA,tail_NZP-DC-893,NA
NZP_2017-12-08,2017-12-08,1045,1141,1C,REZ,R,HOFI,2471-68221,X,-,HY,F,NA,NA,NA,NA,NA,NA,NA,NA,NA,NA,"conjunctivitis R eye, abscess L hallux"
NZP_2017-12-08,2017-12-08,1054,1143,1A,BSE,B,DEJU,2840-12298,OX,BK,AHY,U,NA,1,21.7,77,64,NA,NA,NA,NA,tail_NZP-DC-892,NA
NZP_2017-12-08,2017-12-08,1057,1147,2B,BSE,B,DEJU,2840-12299,OX,MM,HY,U,NA,T,21.8,73.5,63,NA,NA,NA,NA,tail_NZP-DC-891,NA
NZP_2017-12-08,2017-12-08,1049,1153,1C,BSE,B,HOFI,2471-68261,RX,BY,AHY,F,NA,T,18.8,78,62,NA,NA,NA,NA,tail_NZP-DC-890,NA
NZP_2017-12-06,2017-12-06,946,958,2A,REZ,B,WTSP,2471-68253,OX,GW,AHY,M,NA,T,24.8,76,76,NA,NA,NA,NA,tail_NZP-DC-882,NA
NZP_2017-12-06,2017-12-06,949,1012,2A,REZ,R,WTSP,2471-68251,PX,MG,HY,U,NA,T,26.3,71,69,NA,NA,NA,NA,NA,NA
NZP_2017-12-06,2017-12-06,1105,1123,1C,REZ,B,DEJU,2840-12284,PX,WY,HY,F,NA,T,18.1,71.5,60,NA,NA,NA,NA,tail_NZP-DC-884,NA
NZP_2017-12-06,2017-12-06,1105,1129,2A,REZ,R,DEJU,2750-41555,PK,YX,ASY,M,NA,1,20.3,80.5,64,NA,NA,NA,NA,NA,Color bands added
NZP_2017-12-06,2017-12-06,1107,1137,2A,REZ,B,DEJU,2840-12285,WX,GR,U,U,NA,T,21.4,79,65.5,NA,NA,NA,NA,tail_NZP-DC-885,NA
NZP_2017-12-06,2017-12-06,1108,1144,1C,REZ,B,DEJU,2840-12286,OX,PW,HY,U,NA,T,19,74,64,NA,NA,NA,NA,tail_NZP-DC-886,NA
NZP_2017-12-06,2017-12-06,1110,1153,1C,REZ,B,DEJU,2840-12287,PX,GP,U,U,NA,NA,18.2,72.5,60,NA,NA,NA,NA,tail_NZP-DC-887,NA
NZP_2017-12-06,2017-12-06,1112,1157,2B,REZ,B,DEJU,2840-12288,RX,WY,AHY,F,NA,T,18.8,76,62,NA,NA,NA,NA,tail_NZP-DC-888,NA
NZP_2017-12-06,2017-12-06,1114,1203,2B,REZ,B,DEJU,2840-12289,WX,GO,HY,U,NA,T,18.1,72,61,NA,NA,NA,NA,tail_NZP-DC-889,NA
NZP_2018-01-10,2018-01-10,1057,1113,3C,BSE,B,HOSP ,NA,MM,B,ASY,F,NA,2,28,77,50,NA,NA,NA,NA,tail_NZP-DC-905,Harness
NZP_2018-01-10,2018-01-10,1056,112,3D,REZ,B,WTSP,2471-68262,PX,PO,ASY,U,NA,2,30.4,69,NA,NA,NA,NA,NA,NA,Lost tail in bag
NZP_2018-01-10,2018-01-10,1104,1117,3C,REZ,B,WTSP,2471-68263,OX,PW,SY,M,NA,3,33.1,75,70.5,NA,NA,NA,NA,NA,NA
NZP_2018-01-10,2018-01-10,1102,1121,3C,REZ,B,WTSP,2471-68264,WX,KP,SY,U,NA,3,29.6,71,73,NA,NA,NA,NA,tail_NZP-DC-907,NA
NZP_2018-01-10,2018-01-10,1058,1134,3D,BSE,B,WTSP,2471-68265,RX,PG,ASY,U,NA,4,29.4,69.5,70,NA,NA,NA,NA,NA,NA
NZP_2018-01-10,2018-01-10,1058,1134,3C,REZ,B,HOSP ,NA,R,PY,SY,M,NA,1,29.5,79,55,NA,NA,NA,NA,tail_NZP-DC-908,NA
NZP_2018-01-10,2018-01-10,1124,1147,3C,REZ,B,WTSP,2471-68266,MX,MM,SY,M,NA,1,31,75,75,NA,NA,NA,NA,tail_NZP-DC-909,NA
NZP_2018-01-10,2018-01-10,1136,1152,2B,REZ,R,CACH,2840-12279,WX,KO,SY,U,NA,1,9.1,58,50.5,NA,NA,NA,NA,NA,NA
NZP_2018-01-10,2018-01-10,1135,1206,1C,REZ,B,DEJU,2840-12300,PX,WP,SY,U,NA,3,21.1,74,60.5,NA,NA,NA,NA,tail_NZP-DC-910,NA
NZP_2018-01-10,2018-01-10,1125,1210,3C,REZ,B,HOSP ,NA,R,GG,AHY,F,NA,T,27.3,75.5,54,NA,NA,NA,NA,tail_NZP-DC-911,NA
NZP_2018-01-10,2018-01-10,1125,1210,1C,BSE,R,WBNU,2741-54668,P,X,ASY,NA,NA,T,21.8,91.5,50,NA,NA,NA,NA,NA,NA
NZP_2018-01-10,2018-01-10,1128,1216,1C,REZ,R,DEJU,2840-12296,OX,PB,SY,U,NA,T,20.3,79,65,NA,NA,NA,NA,NA,NA
NZP_2018-01-10,2018-01-10,1125,1216,1C,BSE,R,WTSP,2471-68248,KK,PM,SY,U,NA,3,35.1,74,74,NA,NA,NA,NA,NA,NA
NZP_2018-01-10,2018-01-10,1136,1221,2B,REZ,B,DEJU,2750-41598,YX,RP,SY,M,NA,2,21.8,79,67,NA,NA,NA,NA,tail_NZP-DC-912,NA
NZP_2018-01-10,2018-01-10,1135,1221,3C,BSE,R,DEJU,2750-41550,YW,KX,ASY,F,NA,3,21.3,73,68.5,NA,NA,NA,NA,NA,color bands added
NZP_2018-01-10,2018-01-10,1133,1226,3B,BSE,B,DEJU,2750-41599,KW,YW,SY,M,NA,2,21.6,76,62,NA,NA,NA,NA,tail_NZP-DC-913,NA
NZP_2018-01-10,2018-01-10,1200,1228,3C,REZ,B,DOWO,2471-68267,X,NA,SY,F,NA,T,24.1,93,56,NA,NA,NA,NA,NA,NA
NZP_2018-01-10,2018-01-10,1138,1233,2B,REZ,R,DEJU,2750-41555,PK,YX,ASY,M,NA,1,21,81,63,NA,NA,NA,NA,NA,NA
NZP_2018-01-10,2018-01-10,1131,1237,1C,REZ,B,WTSP,2471-68263,PX,YK,SY,U,NA,2,30.8,71,77,NA,NA,NA,NA,NA,NA